,Genetic Feature,feature_pval,ic50_effect_size,feature_delta_mean_ic50,msi_pval,fdr,log_ic50_mean_pos
269,cnaPANCAN1,0.00359007826940255,0.5887185270354304,1.0418392702831456,0.00319183090655379,4.251408476924073,5.413787200450828
270,cnaPANCAN2,0.13898135245255563,0.41498796628600776,0.7365780705431195,0.00329506489084318,29.193426585318967,5.113917791738287
271,cnaPANCAN3,0.6106997365895521,0.3856397216144743,0.6863757168483753,0.00332727003050394,55.406226101874715,5.088070886768668
272,cnaPANCAN4,0.4921415438106993,0.4254699563249732,0.7569233601913803,0.00332370875631188,53.10036024622716,5.156571551859233
273,cnaPANCAN5,0.5467618155563019,0.45456117899353937,0.8084682037419819,0.00332552833688629,55.361497857383675,5.207458584616391
274,cnaPANCAN6,0.7024242219202306,0.4000748276789996,0.7119543476957757,0.00332916667473413,58.07838515319883,5.112907339726196
275,cnaPANCAN7,0.6534191087055703,0.4692521225259548,0.8351670461964611,0.00332823404637268,55.88570044518476,5.24033407745771
276,cnaPANCAN8,0.1564217578631929,0.5171657061775596,0.9197806272877926,0.00329806970596474,31.424013856445008,5.321375410574626
277,cnaPANCAN9,0.20472512849705948,0.5076776731466215,0.902999262522634,0.00330473069576229,34.764644461764824,5.304959236130782
278,cnaPANCAN10,0.740360763469543,0.13648405930510893,0.24337591995388497,0.00332977261247056,59.017779098378966,4.65918598512062
279,cnaPANCAN11,0.6556306448831354,0.06866154198947258,0.12245702794937596,0.00332827998819826,55.88570044518476,4.541656691694247
280,cnaPANCAN12,0.6558221487784599,0.0912502988462302,0.16273744272064938,0.00332828394872683,55.88570044518476,4.580975380741816
281,cnaPANCAN13,0.34826776143162413,0.18914740710074768,0.3372288257952736,0.00331688698198449,45.87937830173918,4.751500902171583
282,cnaPANCAN14,0.29212354468397955,0.17747298174507894,0.31641918612943254,0.00331304474696572,42.26868009896811,4.730488323708564
283,cnaPANCAN15,0.1756489125744142,0.14510940219402768,0.2587464637186825,0.00330097193337488,33.249476760859,4.673922053268516
284,cnaPANCAN16,0.5843880320837108,0.01952020799886157,-0.03481552655169206,0.00332659939780944,55.369826062710125,4.38740853872936
285,cnaPANCAN17,0.4940182406174708,0.12488651130805276,-0.2226998209750368,0.00332377701277025,53.10036024622716,4.204680339200315
286,cnaPANCAN18,0.07431891037767197,0.49751517140323537,0.8816951983447003,0.00327854805373252,22.33638499940272,5.254881222730783
287,cnaPANCAN19,0.9638403442868984,0.3116730175720544,0.5552088811054441,0.0033315791740128,65.31157161951084,4.962435966097363
288,cnaPANCAN20,0.12544713073590727,0.20564378182312784,0.36612446541440224,0.00329242705151014,27.946142985721924,4.753588876976622
289,cnaPANCAN21,0.2405522593536202,0.13789977517455415,0.24585187511455955,0.00330858077584267,37.71725320875579,4.656252783445956
290,cnaPANCAN22,0.00077206690189766,0.6100032309572785,1.0666953847945404,0.00314630176558529,1.4875685185096157,5.356765445161678
291,cnaPANCAN23,0.00079878842580266,0.6117908983328372,1.0688053179021455,0.00314731331059934,1.4875685185096157,5.351969767961286
292,cnaPANCAN24,0.00275218185906713,0.54111829332614,0.9497500382578563,0.00318398916804952,3.5757402775440075,5.250304550526376
293,cnaPANCAN25,0.00240224763286627,0.5027941666602546,0.8834865835128322,0.00317997028787068,3.275792226635828,5.182416279734717
294,cnaPANCAN26,0.00082642695472756,0.39521589280185726,0.6940109014664158,0.00314832447242627,1.4875685185096157,4.920723237992259
295,cnaPANCAN27,0.1668287410481922,0.447094684219708,0.7949526334047192,0.00329968793395589,32.640405857255004,5.191026029683778
296,cnaPANCAN28,0.00311801965675877,0.5151103899001015,0.913806039812135,0.00318767370210658,3.792186069030944,5.29659185474741
297,cnaPANCAN29,0.12972498025339335,0.6144232729343031,1.0898738995174382,0.00329329364030993,28.06550053558992,5.478731947143172
298,cnaPANCAN30,0.04930407468842865,0.29842016761521584,0.5302757753258591,0.00326730696278843,17.948017598737984,4.902980246870768
299,cnaPANCAN31,0.0791694483312524,0.27904591465719414,0.4964307041465848,0.00328025489000769,23.13392970718415,4.883059793434533
300,cnaPANCAN32,0.0345994944160073,0.3257831002029033,0.5790705507019478,0.00325741664339692,14.748053619304695,4.9604763871245465
301,cnaPANCAN33,0.09450923780589073,0.28041005297630955,0.4988800137178489,0.0032849944761412,24.08531688390045,4.886370457385683
302,cnaPANCAN34,0.09228027562660948,0.2891489092326491,0.5144231476004535,0.00328435953758535,23.94650733620705,4.902982861479842
303,cnaPANCAN35,0.1749229190447917,0.2420047709685952,0.43065080056563154,0.00330086906040013,33.249476760859,4.815667374035535
304,cnaPANCAN36,0.7925251201939808,0.00915741082775309,0.01633285249225124,0.00333045359292514,60.60572111902008,4.437368129238471
305,cnaPANCAN37,0.741958863320076,0.01522362055520001,0.02715226132592985,0.00332979603547109,59.017779098378966,4.447693787869404
306,cnaPANCAN38,0.6048420543236723,0.01510039445961802,-0.0269324848718897,0.00332712601393077,55.369826062710125,4.395710894387279
307,cnaPANCAN39,0.6048420543236723,0.01510039445961802,-0.0269324848718897,0.00332712601393077,55.369826062710125,4.395710894387279
308,cnaPANCAN40,0.9484581610828225,0.06420394390940369,0.11450077855215655,0.00333154356520771,65.08484145589513,4.530297484143641
309,cnaPANCAN41,0.5942683100115635,0.00683699019715469,-0.01219423426921917,0.00332685845431637,55.369826062710125,4.4098966879557215
310,cnaPANCAN42,0.7395316178723683,0.02139005361022757,-0.03815032651592265,0.0033297603943119,59.017779098378966,4.384883632861706
311,cnaPANCAN43,0.4690855696244546,0.08142406841938397,-0.14520813752510087,0.00332283368443863,52.96319589929068,4.281819688377222
312,cnaPANCAN44,0.8777973380660614,0.04731137590776619,0.08437432319778093,0.00333121718468554,63.10044762455716,4.4972416047781545
313,cnaPANCAN45,0.6939771026645561,0.10762553871527064,0.191912289118398,0.00332901833416437,57.88834501044378,4.6053692375028366
314,cnaPANCAN46,0.9572886431417432,0.03632409952055858,0.06478480245918572,0.00333156554025989,65.26968021420979,4.48364302229754
315,cnaPANCAN47,0.7760482986552448,0.03283523085072435,0.05856264917523468,0.00333025681057652,60.2067833095523,4.477745916613399
316,cnaPANCAN48,0.7534353164236971,0.04134183170657999,0.07373344864666986,0.00332995939274641,59.273757410955206,4.492211466937162
317,cnaPANCAN49,0.7293431325070302,0.03199562549206833,0.05706519339338633,0.00332960657617238,59.017779098378966,4.476192261706667
318,cnaPANCAN50,0.6947179672913585,0.03451809718050567,0.06156384995734054,0.00332903154574263,57.88834501044378,4.480431325083425
319,cnaPANCAN51,0.6463571255734111,0.0449709319656278,0.08020530875285913,0.00332808480296588,55.88570044518476,4.498242128202046
320,cnaPANCAN52,0.8026135375606409,0.06502083000514552,0.1159566273242394,0.00333056597285163,60.60572111902008,4.531318922064113
321,cnaPANCAN53,0.7773364689522195,0.01225319631510441,-0.02185432906555728,0.00333027279369391,60.2067833095523,4.401092577110305
322,cnaPANCAN54,0.7609619497881659,0.02170811624641023,-0.03871741090943015,0.00333006195461631,59.55354389646518,4.385220380673561
323,cnaPANCAN55,0.8757100683326258,0.00105303962640991,-0.00187816897624593,0.00333120341458899,63.10044762455716,4.419843504263635
324,cnaPANCAN56,0.5638380231434713,0.7183780894046056,1.279234837384446,0.00332603151050532,55.361497857383675,5.692891780410904
325,cnaPANCAN57,0.229776416692864,0.5264566123392737,0.9355718696153392,0.00330749882193415,36.796935057576086,5.331975486646261
326,cnaPANCAN58,0.5823385896447272,0.438771872494456,0.7795269619061171,0.00332654454539401,55.369826062710125,5.168017898286104
327,cnaPANCAN59,0.24666919141863056,0.4561180423389829,0.8065800476944851,0.00330916921269608,38.54206115916104,5.154637368780209
328,cnaPANCAN60,0.07197161691452135,0.5669141164989825,1.00411867040187,0.00327767885043694,22.286467836950365,5.379945755942964
329,cnaPANCAN61,0.04928038911050478,0.5200125566058651,0.9238370597749553,0.00326729365168555,17.948017598737984,5.317684815538027
330,cnaPANCAN62,0.5964409367193484,0.16697286008297768,0.2975881280825794,0.00332691423875922,55.369826062710125,4.70254626293064
331,cnaPANCAN63,0.01470833195701199,0.4190225797228105,0.7445722937451595,0.00323301604148124,10.341795907274058,5.133005195728368
332,cnaPANCAN64,0.02662061908791882,0.3998391482848868,0.7107746068662637,0.00325000620065899,13.400515769144883,5.101450073764145
333,cnaPANCAN65,0.02662061908791882,0.3998391482848868,0.7107746068662637,0.00325000620065899,13.400515769144883,5.101450073764145
334,cnaPANCAN66,0.02112730469834581,0.39365772314023034,0.6998063016590033,0.00324342006573698,11.73739149908101,5.09023395769372
335,cnaPANCAN67,0.16005674191805683,0.27366516098329446,0.48734007365245,0.00329864844722841,31.76731879990896,4.8877401523586
336,cnaPANCAN68,0.17073987087697043,0.3264703608700422,0.5812880898080444,0.00330026664216715,33.117647368377895,4.983622950088854
337,cnaPANCAN69,0.1911447483759528,0.28457144712380206,0.5068542929632267,0.00330305784164825,33.86422707447983,4.910606949008915
338,cnaPANCAN70,0.41595163085909903,0.09448344652256592,0.16850246830640003,0.0033205318422556,50.96519370890061,4.586620923932006
339,cnaPANCAN71,0.3448509507969424,0.12610176483501148,0.2248019527974137,0.00331667719156132,45.820334957384475,4.6317364978944084
340,cnaPANCAN72,0.26920707151512,0.3900787722086464,0.6953508264272976,0.00331119256767254,41.19866532873134,5.1119175655566735
341,cnaPANCAN73,0.04255868985659032,0.3471110213182549,0.6188275606836138,0.00326321713589446,16.948150827845705,5.035949390859834
342,cnaPANCAN74,0.5491598810605822,0.0856338990721339,-0.1527231537245486,0.00332560077403469,55.361497857383675,4.2718945654107925
343,cnaPANCAN75,0.31680217442546504,0.09504757131417604,-0.16945521990145185,0.00331484317237387,44.00030200353682,4.26901323621811
344,cnaPANCAN76,0.5497361118777471,0.17451970150177598,-0.3110525546370555,0.00332561809227269,55.361497857383675,4.125385555785891
345,cnaPANCAN77,0.6177802025907826,0.2320018447183259,-0.4132235883534357,0.00332744018769454,55.461333039032645,4.030654116972178
346,cnaPANCAN78,0.4762004869002744,0.2707312208159162,-0.4819826626850827,0.00332311109139392,52.96319589929068,3.96510073093334
347,cnaPANCAN79,0.6486778518126102,0.1954665083041553,-0.34827601388033536,0.00332813427668412,55.88570044518476,4.092823741346998
348,cnaPANCAN80,0.20026208671073464,0.2660354330087394,-0.47327650537915783,0.00330419559326618,34.527945984609424,3.9856078194432816
349,cnaPANCAN81,0.814139112503247,0.15271286999099462,-0.27217425466339584,0.00333068694977041,60.95883537877892,4.167769460982158
350,cnaPANCAN82,0.6785163176511769,0.13378729944839252,-0.23848458559053576,0.00332873365908902,57.071465970659766,4.199189877734048
351,cnaPANCAN83,0.6077105492686024,0.09281775773837635,-0.1655373970117031,0.00332719690891578,55.369826062710125,4.258303375222484
352,cnaPANCAN84,0.06764782920717932,0.47156396325531447,0.834832488029888,0.00327599572530461,21.589732725695534,5.195885425732216
353,cnaPANCAN85,0.02828997773486141,0.5180181448260438,0.9199641141920417,0.00325173151001928,13.400515769144883,5.311068266928511
354,cnaPANCAN86,0.04657400764569992,0.49765526519442976,0.881347094852451,0.00326572678333207,17.87420735568615,5.249072359565968
355,cnaPANCAN87,0.04150844856294072,0.43516485528555215,0.7727569695377392,0.00326251978916109,16.82774941740841,5.156730836352832
356,cnaPANCAN88,0.01023209104041282,0.4646762486506496,0.8230492088012928,0.00322250589670871,8.488825089080185,5.187515594350673
357,cnaPANCAN89,0.00236067362509465,0.5112758638789181,0.9014769754526704,0.0031794540650943,3.275792226635828,5.23434127221623
358,cnaPANCAN90,0.01753248157466691,0.4478484922780575,0.7921982867204544,0.00323807366375873,10.625239480156926,5.141567105179976
359,cnaPANCAN91,0.03226942519323309,0.41526368374639694,0.7314527391195051,0.00325545264552329,14.103217349909285,5.022690550431716
360,cnaPANCAN92,0.04416335400498475,0.3223547695735845,0.5687037520424196,0.00326424863270099,17.315592794776876,4.817051374782696
361,cnaPANCAN93,0.5553371699933904,0.2597634553486202,0.4617197917176936,0.00332578467401762,55.361497857383675,4.830220788779014
362,cnaPANCAN94,0.5275931209997005,0.26913779938059174,0.4782348171281576,0.00332492766901317,54.83069386832916,4.843844998174123
363,cnaPANCAN95,0.49454727018431727,0.2741466829379709,0.4870670323072588,0.00332379617552687,53.10036024622716,4.851642974684583
364,cnaPANCAN96,0.3724794503672937,0.29317255637684086,0.5205633023685259,0.00331829722018309,47.673160117522016,4.880677439751766
365,cnaPANCAN97,0.6187019819020974,0.27675302000508434,0.49163171051629456,0.00332746202770694,55.461333039032645,4.854654210345792
366,cnaPANCAN98,0.28485522350844966,0.32352583744653624,0.5741912973935692,0.00331247768751881,41.915348932300766,4.935110309529003
367,cnaPANCAN99,0.40507914559219294,0.32482045622379746,0.5778127787916914,0.00332000552918053,50.355142407869295,4.968886257886471
368,cnaPANCAN100,0.7529878991853894,0.12927547580563942,-0.23055391945740933,0.0033299531825919,59.273757410955206,4.193207059112492
369,cnaPANCAN101,0.9521725935649363,0.21204299276578964,-0.3781320100934949,0.00333155331283238,65.11818649000325,4.046221651166082
370,cnaPANCAN102,0.695946547792224,0.1344025689162888,-0.2397028762021316,0.00332905336895931,57.88834501044378,4.183398239136781
371,cnaPANCAN103,0.9119510685646408,0.00549026020383708,-0.00979225803463723,0.00333140859770737,64.64959354041275,4.411879361232768
372,cnaPANCAN104,0.7337468824403249,0.09153931692059245,0.1632610702033812,0.00332967389945425,59.017779098378966,4.583518345315518
373,cnaPANCAN106,0.03379015802502841,1.3762557029159217,2.4474595813133027,0.00325675044745707,14.620741453137295,6.861461633438585
374,cnaPANCAN107,0.0127423327390268,0.6516690236823943,1.1587769778234804,0.00322886952751156,9.718728360274685,5.563576440367842
375,cnaPANCAN108,0.22167137132038028,0.43986425812406416,0.7825420174654667,0.0033066441100609,35.88205650869466,5.183068718595764
376,cnaPANCAN109,0.3566513402576188,0.42113520754519584,0.7501713078220238,0.00331739011483814,46.385289917898405,5.160898728273144
377,cnaPANCAN110,0.9878567847411338,0.07408075331769255,0.1321182696164671,0.00333160975462223,65.95482984176712,4.550032431031177
378,cnaPANCAN111,0.3712176786709693,0.2910965505953055,0.5188097764339377,0.00331822687886366,47.673160117522016,4.931280857102809
379,cnaPANCAN112,0.8770190423221564,0.2388753454664108,0.42571981876455656,0.00333121207826754,63.10044762455716,4.835419221809318
380,cnaPANCAN113,0.9618072370542184,0.02724907110767535,-0.04859968193120156,0.00333157518636724,65.31157161951084,4.375629895794456
381,cnaPANCAN114,0.8270860207792745,0.2994575067119189,-0.5338087225192978,0.00333081354810936,61.72283737158766,3.894440048169895
382,cnaPANCAN115,0.5524753698182343,0.14583101818341487,0.2600684848936474,0.00332569995701024,55.361497857383675,4.678714708428371
383,cnaPANCAN116,0.07223173270859312,0.21893587986269863,0.3902508448858937,0.00327777664915324,22.286467836950365,4.801751454132205
384,cnaPANCAN117,0.01787043279692025,0.2792345918954033,0.4958400509894352,0.00323862214169954,10.625239480156926,4.852708975984429
385,cnaPANCAN118,0.2915100564695417,0.17246985029384443,0.30740829390582025,0.00331299757854025,42.26868009896811,4.714683926878957
386,cnaPANCAN119,0.48287996454764787,0.04047912661993095,-0.07219548024811928,0.00332336546764497,52.96319589929068,4.3517344875576125
387,cnaPANCAN120,0.9502386852560685,0.00478829973202688,0.00854024196432767,0.00333154832916572,65.08484145589513,4.427274729432132
388,cnaPANCAN121,0.03228069748979235,0.40541340390158914,0.7176143564621871,0.00325546249694111,14.103217349909285,5.06486090920687
389,cnaPANCAN122,0.1779303648274886,0.40052507586293,0.7104324662204825,0.00330129206722215,33.249476760859,5.079036840808008
390,cnaPANCAN123,0.23869773710978412,0.3729715105646416,0.6627846205081127,0.00330839878387032,37.58202857410652,5.0473068894587865
391,cnaPANCAN124,0.4733591980313168,0.3637495509963364,0.6448138999267954,0.0033230011184157,52.96319589929068,4.999604541431624
392,cnaPANCAN125,0.5987121723409607,0.2259583370254286,0.40261309995162087,0.00332697210585158,55.369826062710125,4.8079524244559995
393,cnaPANCAN126,0.2545958824641257,0.24476693253512308,0.43622843637690334,0.00330990584295525,39.50625762374364,4.846537916309977
394,cnaPANCAN127,0.11265847179379844,0.2858317887957024,0.5083114698366868,0.0032896280846703,26.516808356722695,4.890416131812943
395,cnaPANCAN128,0.2120078097559148,0.3118591629998973,0.5549708262985247,0.00330557509935772,35.5600126967984,4.9495518938724175
396,cnaPANCAN129,0.4583778464376752,0.21413275641089977,0.3812855678800169,0.00332240325634759,52.48601295087886,4.772867594704843
397,cnaPANCAN130,0.5570947059425164,0.12930355444033229,0.23052519057406595,0.00332583629463927,55.361497857383675,4.639952728735269
398,cnaPANCAN131,0.4784252202173418,0.1604535656437978,-0.2861088104636158,0.00332319645986531,52.96319589929068,4.141135154762961
399,cnaPANCAN132,0.9980621399844452,0.11368675768052794,0.20275740387072272,0.003331613540213,66.53747599896305,4.62268724823743
400,cnaPANCAN133,0.32614307137160226,0.35338072532247977,-0.6298350417374787,0.00331547705554768,44.74523845037228,3.7989551598210194
401,cnaPANCAN134,0.6552080780744534,0.16895908736935528,0.3012499891841252,0.00332827123903595,55.88570044518476,4.715680672389932
402,cnaPANCAN135,0.8598919135548696,0.05117486879904082,0.09126927504093184,0.00333109120025792,63.0279374479615,4.509191406976934
403,cnaPANCAN136,0.17623041456530025,0.12333244309449357,-0.2199362657869681,0.00330105398098758,33.249476760859,4.206460646779213
404,cnaPANCAN137,0.4304125641267352,0.06975950461931266,0.12439810723227929,0.00332120112140766,51.64950769520824,4.535824955494961
405,cnaPANCAN138,0.17396927682118235,0.2715735675458853,-0.48397198748098047,0.00330073318387116,33.249476760859,3.9486723055443247
406,cnaPANCAN139,0.5075864524074433,0.10783897108584656,-0.1923155249244264,0.00332425779730142,53.7444479019646,4.233281023825136
407,cnaPANCAN140,0.9308002423063427,0.18397886407381808,0.3280539089193164,0.0033314871861306,64.64959354041275,4.744565360122476
408,cnaPANCAN141,0.2012557237486992,0.4228724936782901,0.7522602959094636,0.00330431592707877,34.56682278126513,5.151264244576264
409,cnaPANCAN142,0.6011104358545677,0.14166114340502192,0.25263898168479315,0.003327032713999,55.369826062710125,4.671893497964249
410,cnaPANCAN143,0.43446004454391446,0.4765808389070897,0.8487322383053523,0.00332138242906093,51.73644978481556,5.258909274519724
411,cnaPANCAN144,0.10354885245323944,0.00372575339923743,-0.00664512771882552,0.00328741293438669,25.18755870484203,4.4188218469623965
412,cnaPANCAN145,0.7868353919178063,0.07256306244133102,0.1293955867954768,0.0033303875099844,60.60572111902008,4.540413314969566
413,cnaPANCAN146,0.553138411878114,0.01659047493226767,0.02958999994372124,0.00332571965825785,55.361497857383675,4.449176962688336
414,cnaPANCAN147,0.6261017757707126,0.29073397553009206,-0.5180990220528483,0.00332763478151061,55.78480320265755,3.914249516274504
415,cnaPANCAN148,0.5166411674555191,0.3124525790066082,-0.5567553948413724,0.00332456658789569,54.097366374743736,3.875817363238238
416,cnaPANCAN149,0.9361838957643464,0.20652676500926703,-0.3682107616492347,0.00333150613674218,64.64959354041275,4.060268153122292
417,cnaPANCAN150,0.9371969435265097,0.11801260374892052,-0.2104596997782613,0.00333150952971504,64.64959354041275,4.214640522233439
418,cnaPANCAN151,0.9399185961451961,0.0662564030111331,-0.1181681215157644,0.00333151837426434,64.67329789989884,4.305646785460528
419,cnaPANCAN152,0.5708846239640658,0.00945233177891376,0.01685887543529318,0.0033262307623911,55.361497857383675,4.438190084800965
420,cnaPANCAN153,0.4337371938111567,0.2172709259989405,0.38737754825144055,0.00332135023690624,51.73644978481556,4.802966870345811
421,cnaPANCAN154,0.5944753930078908,0.14682494284573178,0.26183201354336205,0.00332686378957315,55.369826062710125,4.679644149144637
422,cnaPANCAN155,0.5944753930078908,0.14682494284573178,0.26183201354336205,0.00332686378957315,55.369826062710125,4.679644149144637
423,cnaPANCAN156,0.6948168920462547,0.17490841892390815,0.311878544809737,0.00332903330689072,57.88834501044378,4.7279950461393465
424,cnaPANCAN157,0.5944753930078908,0.14682494284573178,0.26183201354336205,0.00332686378957315,55.369826062710125,4.679644149144637
425,cnaPANCAN158,0.5944753930078908,0.14682494284573178,0.26183201354336205,0.00332686378957315,55.369826062710125,4.679644149144637
426,cnaPANCAN159,0.6167718299081149,0.15720925768866834,0.28033699124546096,0.0033274162140685,55.461333039032645,4.697299651540706
427,cnaPANCAN160,0.6167718299081149,0.15720925768866834,0.28033699124546096,0.0033274162140685,55.461333039032645,4.697299651540706
428,cnaPANCAN161,0.3973776792535645,0.1751562022062007,0.31231533955056173,0.00331962009483681,49.53461375736954,4.7281005032116274
429,cnaPANCAN162,0.5909566259452781,0.06901264193028601,-0.1230816990373329,0.00332677260930082,55.369826062710125,4.301590134974826
430,cnaPANCAN163,0.15145192583382805,0.3790718031111921,0.6742209004024478,0.00329725337149482,30.79466315567244,5.068583329344565
431,cnaPANCAN164,0.0635342523870713,0.38574079630438834,0.6828328511749397,0.00327428478511992,20.568642859123816,5.025900118081075
432,cnaPANCAN165,0.02805150039253844,0.4604293708228061,0.8185927701679939,0.00325149158070365,13.400515769144883,5.2147550250278885
433,cnaPANCAN166,0.03520378867093403,0.417094976937078,0.7406929966265342,0.00325790359290705,14.748053619304695,5.12315829840569
434,cnaPANCAN167,0.09121983337861486,0.23203920964937327,0.4135984714810074,0.00328405162034124,23.94650733620705,4.825351418839324
435,cnaPANCAN168,0.4785466501003969,0.08319173974092664,0.14836373016515125,0.00332320110083157,52.96319589929068,4.565669610579881
436,cnaPANCAN169,0.9362405395263879,0.00391102149307155,0.00697557582886521,0.00333150632790271,64.64959354041275,4.428369453310702
437,cnaPANCAN170,0.6993158213654984,0.1953812114546352,0.34838065475335606,0.0033291126708979,58.05226693317466,4.764937162399254
438,cnaPANCAN171,0.6049593851516232,0.04957225586606907,0.08841443188164355,0.00332712892778066,55.369826062710125,4.50910895491379
439,cnaPANCAN172,0.8542069619485722,0.01551408254806972,-0.02767041222078869,0.00333104745668839,63.015267684730745,4.394169714559112
440,cnaPANCAN173,0.34619808634468247,0.2987965208406488,0.5326317529839946,0.00331676023869841,45.820334957384475,4.947619087708378
441,cnaPANCAN174,0.34619808634468247,0.2987965208406488,0.5326317529839946,0.00331676023869841,45.820334957384475,4.947619087708378
442,cnaPANCAN175,0.00450980915415163,0.4579221724679847,0.8130271276142436,0.00319854483951025,4.7195677194610175,5.1975671954171565
443,cnaPANCAN176,0.00074195061269854,0.595418942207553,1.0375407763161322,0.00314511874695992,1.4875685185096157,5.293575055582613
444,cnaPANCAN177,0.01565017864790845,0.5674510805674963,0.9934585041017937,0.0032348056878938,10.511314017251946,5.280205960068119
445,cnaPANCAN178,0.12881385732694398,0.5645787462243135,1.0043532538582225,0.00329311174638475,28.06550053558992,5.409311499436571
446,cnaPANCAN179,0.20314630812848244,0.4782864843077864,0.8502212432202274,0.00330454297662385,34.75887401437913,5.2462812877709535
447,cnaPANCAN180,0.28130313113563216,0.4401889775718037,0.7829688269217686,0.0033121938658369,41.915348932300766,5.181861295202627
448,cnaPANCAN181,0.5455605856346518,0.309029934488112,0.5495739177199344,0.00332549182980775,55.361497857383675,4.935305733500746
449,cnaPANCAN182,0.18052049243463525,0.5027219752827073,0.8953626860119659,0.00330164984815715,33.249476760859,5.306767213989901
450,cnaPANCAN183,0.05944935425939008,0.6379756326494621,1.1348022730491838,0.00327246547333475,19.52716015819383,5.54112551604939
451,cnaPANCAN184,0.7049849866711163,0.1812968190917748,0.3228619087003173,0.0033292106577659,58.10315824212498,4.711015450850376
452,cnaPANCAN185,0.29183011395187136,0.1939203342162436,0.3457511066448715,0.00331302220208788,42.26868009896811,4.760912597966353
453,cnaPANCAN186,0.7866571395364524,0.20106796760800733,0.35857375530775304,0.00333038540797956,60.60572111902008,4.777955015942978
454,cnaPANCAN187,0.9651598917105488,0.15138878533670982,-0.26998373032512374,0.0033315816450976,65.31157161951084,4.154144987413492
455,cnaPANCAN188,0.7186236057688256,0.09157507624044724,0.16332484281813286,0.00332943729674505,58.68976816623803,4.58358158924538
456,cnaPANCAN189,0.7953801604024556,0.01126500808274368,-0.0200919030847313,0.00333048601596303,60.60572111902008,4.401810320426176
457,cnaPANCAN190,0.09783622787046012,0.6203827933611564,1.1032448885600878,0.00328591266952435,24.368088324027145,5.507706739043441
458,cnaPANCAN191,0.08319985534687825,0.6684626108862951,1.18845121138503,0.00328159008044653,23.18227674418692,5.592820166913992
459,cnaPANCAN192,0.1809093711761788,0.5800786949038852,1.031951568390105,0.00330170305491655,33.249476760859,5.437521605197345
460,cnaPANCAN193,0.6272691204565493,0.05526346602285876,0.09855728519429709,0.0033276616196536,55.78480320265755,4.513937973948687
461,cnaPANCAN194,0.3929631914267688,0.00867830671455082,-0.01547832855616704,0.00331939427071291,49.41531055229298,4.407030630453142
462,cnaPANCAN195,0.2662469831624199,0.04247095792929191,-0.07574621284847805,0.003310938969568,40.89117488842627,4.350181663577952
463,cnaPANCAN196,0.4821621635093672,0.04126788340537244,-0.07360075006975018,0.00332333840795028,52.96319589929068,4.352204846094679
464,cnaPANCAN197,0.4081054577923231,0.04602333748060469,-0.08208104516234194,0.00332015408690578,50.49197589019492,4.344292941960901
465,cnaPANCAN198,0.39015219102250553,0.04452676200867114,-0.07941224880552333,0.00331924857055225,49.31699043823807,4.346806865161262
466,cnaPANCAN199,0.7107570051764946,0.07097808017201492,0.12657802894745274,0.0033293081307123,58.15284587807684,4.541367978729391
467,cnaPANCAN200,0.7473133597946969,0.12660985105233036,0.22574025299112851,0.00332987330773137,59.206164068241854,4.637292095650423
468,cnaPANCAN201,0.7416509574876432,0.00671295400274843,-0.01197300822904434,0.00332979153548697,59.017779098378966,4.4100843879793326
469,cnaPANCAN202,0.18102492903134337,0.1834260822359507,0.32693944098757566,0.00330171884028211,33.249476760859,4.735337079170294
470,cnaPANCAN203,0.700497354326974,0.07278038837828894,0.12979257750091033,0.00332913327792659,58.05226693317466,4.5449473084074326
471,cnaPANCAN204,0.6896986540954995,0.12793314761580224,0.22809097451290936,0.00332894127499088,57.795976600181525,4.638592615178953
472,cnaPANCAN205,0.9692083188757066,0.2171232713686644,0.3862906203394632,0.00333158865198307,65.4870485726829,4.761466420428024
473,cnaPANCAN206,0.4567055446034124,0.09737423999909696,0.17363547926026968,0.00332233459330837,52.42793241620807,4.586789356482659
474,cnaPANCAN207,0.9274695289192008,0.09360999703362416,0.1669252689960539,0.00333147468606612,64.64959354041275,4.580232985196083
475,cnaPANCAN208,0.15047638268935715,0.23661465127364165,0.4211623073975357,0.00329708958710542,30.779260095550327,4.809603782716319
476,cnaPANCAN209,0.4453981125921449,0.14335159019983576,0.2555629984431613,0.00332185978386389,51.92465043172675,4.6655211198041355
477,cnaPANCAN210,0.01701248131318131,0.2711219341874224,0.4796650249789032,0.00323720820215648,10.625239480156926,4.742215855084177
478,cnaPANCAN211,0.00391304407354497,0.5934612051176378,1.0501004318628595,0.00319436843486814,4.51505085409036,5.421654565727261
479,cnaPANCAN212,0.00278113132697867,0.5217222457210372,0.9254075557863296,0.00318429822988859,3.5757402775440075,5.307700456571406
480,cnaPANCAN213,0.00693383449428745,0.5780434845044149,1.0221366802979226,0.00321116002233759,6.367807188631339,5.387609338317662
481,cnaPANCAN214,0.02085510981419208,0.6088500813248966,1.0772541709321324,0.00324304921905829,11.730999270483052,5.4497465808013805
482,cnaPANCAN215,0.9819455513109859,0.0918005726039609,0.1637012974571226,0.00333160505141623,65.92226270312358,4.57750865430874
483,cnaPANCAN216,0.04876991903269878,0.32013090244238285,0.5701229282413172,0.00326700512894026,17.948017598737984,4.974600435107472
484,cnaPANCAN217,0.03475856533152723,0.3780766606305346,0.6729225450725601,0.00325754567679195,14.748053619304695,5.074310737028761
485,cnaPANCAN218,0.08223438107972016,0.3729680244480565,0.6638221179125763,0.00328127665577678,23.18227674418692,5.064795895640515
486,cnaPANCAN219,0.01978816428362637,0.4754791443851412,0.8462018586733819,0.00324154600696738,11.416248625169064,5.251151624196744
487,cnaPANCAN220,0.02739760077376978,0.5139968783922796,0.9142959613168476,0.00325082272683856,13.400515769144883,5.316957556983688
488,cnaPANCAN221,0.00987007394222183,0.6642470426452153,1.180223754263119,0.00322145862266296,8.488825089080185,5.581042982472824
489,cnaPANCAN222,0.00536098168017821,0.6355939870341558,1.130588621403103,0.00320362325489405,5.360981680178213,5.536968628622376
490,cnaPANCAN223,0.00536098168017821,0.6355939870341558,1.130588621403103,0.00320362325489405,5.360981680178213,5.536968628622376
491,cnaPANCAN224,0.00496887928390437,0.626491823812959,1.1142630289879918,0.00320139351297333,5.08180835853857,5.519708289753802
492,cnaPANCAN225,0.12157733955237456,0.6477394099489182,1.1513483151871844,0.00329161451691689,27.499025313524008,5.553869336950752
493,cnaPANCAN226,0.01794484889982058,0.7452943076437782,1.32365872509658,0.00323874148648267,10.625239480156926,5.724694453768486
494,cnaPANCAN227,0.8935785522838235,0.14773319362346202,0.26340004235695424,0.00333131353928249,63.82703944884456,4.676276267941841
495,cnaPANCAN228,0.8935785522838235,0.14773319362346202,0.26340004235695424,0.00333131353928249,63.82703944884456,4.676276267941841
496,cnaPANCAN229,0.8613818117888069,0.2035937956538571,0.3628675452760968,0.00333110236465998,63.0279374479615,4.771693309530449
497,cnaPANCAN230,0.21447011129845475,0.0913164671447457,0.1627154523766059,0.00330585288758836,35.5600126967984,4.52800809274039
498,cnaPANCAN231,0.8648754433716727,0.03222863055092523,-0.05748049513124886,0.00333112805706178,63.10044762455716,4.367168068906609
499,cnaPANCAN232,0.314853039568213,0.1156432092388575,-0.2061962503018977,0.00331470781301852,44.00030200353682,4.225029853644656
500,cnaPANCAN233,0.978389251004392,0.0367571775638347,0.06555666597976106,0.00333160133415692,65.90945553173302,4.483566879190032
501,cnaPANCAN234,0.3100829524616101,0.14547420408174805,-0.2593333667346025,0.0033143719000648,43.605415189913934,4.175176851553583
502,cnaPANCAN235,0.731394621769542,0.10068136580924612,0.17945192286150569,0.00332963809838056,59.017779098378966,4.572982615807361
503,cnaPANCAN236,0.5913239878052025,0.41354147479427605,0.7369325493704703,0.00332678218071269,55.369826062710125,5.150906677402733
504,cnaPANCAN237,0.5504614456824963,0.3596479425330783,0.6411154871267959,0.00332563984359335,55.361497857383675,5.057411274844749
505,cnaPANCAN238,0.4956033622981201,0.39088962428460233,0.6966860746160696,0.0033238343271906,53.10036024622716,5.111799219044354
506,cnaPANCAN239,0.2869809431332064,0.30012418641895294,0.5348265728228574,0.0033126454110834,42.06561055698466,4.94590704345623
507,cnaPANCAN240,0.03152289412669886,0.854203264281218,1.5128924427800967,0.00325479214748398,14.103217349909285,5.904715657942808
508,cnaPANCAN241,0.03147512629368805,0.7591600360067396,1.3457670798091357,0.00325474933426449,14.103217349909285,5.738091691590324
509,cnaPANCAN242,0.02735828766070157,0.7396100663023892,1.311164060982021,0.00325078199054201,13.400515769144883,5.702882972591588
510,cnaPANCAN243,0.7695776625175484,0.19585251874857576,0.34839626547005587,0.00333017497309047,59.91132580644969,4.712602848718864
511,cnaPANCAN244,0.07569482926580613,0.573377182896735,1.0143284973197089,0.00327904404564421,22.409653401061032,5.382332233777256
512,cnaPANCAN245,0.02610312340645838,0.5987185991832329,1.0551821542698283,0.00324944859716643,13.348188105575312,5.4002511783588965
513,cnaPANCAN246,0.01790850586128704,0.5706381163001644,1.007788473421967,0.00323868326487442,10.625239480156926,5.363605763804614
514,cnaPANCAN247,0.00566755029305044,0.7488642107403162,1.3213304916481805,0.00320525449897116,5.54434267798413,5.689540304985547
515,cnaPANCAN248,0.00143715801264684,0.7754052124931934,1.3667265803127124,0.00316475508459578,2.23007277824511,5.73168543609751
516,cnaPANCAN249,0.00236798842813626,0.7370410900680414,1.2992648741328168,0.0031795455532109,3.275792226635828,5.661634516187733
517,cnaPANCAN250,0.4248066965004186,0.16812200559853105,0.2992542210916396,0.00332094571516384,51.27062339399022,4.669387027665345
518,cnaPANCAN251,0.33224975256601663,0.15184648087784286,0.27059384117055707,0.00331587867640203,45.03385200442998,4.670052334012385
519,cnaPANCAN252,0.33224975256601663,0.15184648087784286,0.27059384117055707,0.00331587867640203,45.03385200442998,4.670052334012385
520,cnaPANCAN253,0.23482085437739467,0.16615804528861627,0.296036137465908,0.0033080127528087,37.25653950239549,4.692491469872782
521,cnaPANCAN254,0.1909457521649177,0.1575392550800511,0.28066390352387494,0.00330303230897541,33.86422707447983,4.673771982797967
522,cnaPANCAN255,0.12429398092395952,0.1598014031529198,0.284678723728212,0.00329218785202055,27.87150488041688,4.676789072611132
523,cnaPANCAN256,0.16466754771264402,0.19406835029197733,0.34548173927482484,0.00329936148432486,32.35825173392569,4.728069148045687
524,cnaPANCAN257,0.02328928588347192,0.31979704002423825,0.5642648294336698,0.00324620197839724,12.329621938308668,4.812795367809288
525,cnaPANCAN258,0.26434734555241185,0.2549322337716401,0.4533201886362157,0.00331077437403543,40.73846078718677,4.827954738046803
526,cnaPANCAN259,0.5169303898031067,0.22575435690017928,0.4017818304247109,0.0033245762962535,54.097366374743736,4.785920684628456
527,cnaPANCAN260,0.5169303898031067,0.22575435690017928,0.4017818304247109,0.0033245762962535,54.097366374743736,4.785920684628456
528,cnaPANCAN261,0.3043105363783153,0.256459682000231,0.4561567908880626,0.00331395633803355,43.20704531486173,4.835697106593556
529,cnaPANCAN262,0.05433684049313743,0.30403045068418266,0.540106230793171,0.00326999283882718,18.665326886955608,4.910224972567126
530,cnaPANCAN263,0.2619154150552335,0.18661134444813351,0.3325872790940183,0.00331056150920694,40.50238377142787,4.739378062559092
531,cnaPANCAN264,0.27189219596676667,0.0115227564692363,0.0205515975866346,0.00331141962914539,41.334962224677376,4.441608610547864
532,cnaPANCAN265,0.6432044820486453,0.16122149172001646,0.287499929820795,0.00332801691620695,55.88570044518476,4.705237608532886
533,cnaPANCAN266,0.7589999886588557,0.09884519343866002,0.17629014672495646,0.00333003556587743,59.50348343144341,4.596439408767484
534,cnaPANCAN267,0.28304483884397225,0.3087775617233543,-0.5505099786987411,0.00331233359374026,41.915348932300766,3.8756645693576615
535,cnaPANCAN268,0.05722242976287803,0.6693367581458312,1.1916113589550728,0.00327141714047698,19.07414325429268,5.603343450326262
536,cnaPANCAN269,0.01331797773183036,0.5888251753778332,1.04440965010126,0.00323014776691955,9.8247376710224,5.431387111491516
537,cnaPANCAN270,0.02953204886479341,0.674837049987076,1.1983524559667575,0.00325294826262539,13.807991624702476,5.596368686413877
538,cnaPANCAN271,0.11219020477340612,0.4278097284285158,0.7614055074438921,0.00328951906466789,26.516808356722695,5.164868753426927
539,cnaPANCAN272,0.688576040885623,0.03659829632665143,0.06527332003998687,0.00332892083925515,57.795976600181525,4.48329909525524
540,cnaPANCAN273,0.6094085003576232,0.1426068165947283,0.2542560978660884,0.00332723853857005,55.400772759783926,4.666381631049155
541,cnaPANCAN274,0.4175949120497337,0.17010274037330014,0.3032406078718415,0.00332060963070966,50.96519370890061,4.714167217589143
542,cnaPANCAN275,0.3420253066325146,0.2692536403045372,0.4794425613920126,0.00331650157068488,45.67103501027645,4.878199039341034
543,cnaPANCAN276,0.22046320202286251,0.23148709450943236,0.4125829361934503,0.00330651351407589,35.87120829581354,4.8230774467673445
544,cnaPANCAN277,0.22783236196511977,0.23306846922912888,0.41536434805314393,0.00330729713446728,36.74715515566449,4.824492630904229
545,cnaPANCAN278,0.5299047685172988,0.11521233029568977,-0.2054427235165148,0.00332500218942838,54.94404281861394,4.223406407721204
546,cnaPANCAN279,0.5805149313814855,0.06162609246469241,-0.10990871220898236,0.0033264954091604,55.369826062710125,4.314777188593588
547,cnaPANCAN280,0.8424811904142779,0.16912817268347563,0.301407869610582,0.00333095147246813,62.457419388208415,4.704902898219312
548,cnaPANCAN281,0.00437682486648406,0.4289869213832029,-0.7588278619521412,0.00319766466105667,4.689455214090072,3.7390588340625697
549,cnaPANCAN282,0.00034296811992318,0.6286320429596844,-1.1122850899692818,0.00312215653727665,0.7349316855496892,3.3565833532779497
550,cnaPANCAN283,0.00032857825396692,0.6466712117818191,-1.1434523580139984,0.00312088036609329,0.7349316855496892,3.3279252151273755
551,cnaPANCAN284,0.00096716078579285,0.5793892078494474,-1.026059536689413,0.00315299765165045,1.6739321292568672,3.441271985717305
552,cnaPANCAN285,0.02571542266117716,0.49230565549585914,-0.87385506419578,0.00324902332079464,13.301080686815778,3.583977642138593
553,cnaPANCAN286,0.00410119358495144,0.6046405856541046,-1.0704707849589572,0.00319575093096354,4.613842783070375,3.396621091961411
554,cnaPANCAN287,0.08735809196733203,0.6802328317113202,-1.208403582049097,0.00328289674048198,23.681410473071935,3.2344950914635167
555,cnaPANCAN288,0.9495067434143616,0.17814499393812877,-0.3176364524107411,0.00333154639116678,65.08484145589513,4.110228264315313
556,cnaPANCAN289,0.1866661368512963,0.03062431835772396,0.05461954659209578,0.00330247561717182,33.57583422965986,4.473909658130502
557,cnaPANCAN290,0.8024054768036253,0.1307158881919939,-0.23309440713237967,0.00333056371662328,60.60572111902008,4.194071945622939
558,cnaPANCAN291,0.4372707528560721,0.04776005984148227,0.08518120248268433,0.00332150683425746,51.73644978481556,4.504849982368921
559,cnaPANCAN292,0.6577287352950485,0.1081598835117216,-0.19285721205619044,0.00332832322568023,55.88570044518476,4.238346420299805
560,cnaPANCAN293,0.6077993510092682,0.21148184965353947,-0.3769628460826704,0.00332719909228299,55.369826062710125,4.055195035667661
561,cnaPANCAN294,0.00668798914554624,0.5239828556801625,-0.9310827529398557,0.00321010401608292,6.26998982394961,3.5165790018520764
562,cnaPANCAN295,0.199748885769989,0.15049433512425398,-0.2682760445966714,0.00330413316864342,34.527945984609424,4.166400984564864
563,cnaPANCAN296,0.807641508510434,0.1905931534590249,0.3398978534587549,0.00333061971440846,60.775698800952405,4.759395233690968
564,cnaPANCAN297,0.14343881864822877,0.6372252032334308,1.1355819568934669,0.00329587153114085,29.493640945250256,5.55248561618597
565,cnaPANCAN298,0.05267049403907766,0.33881866423950224,0.603775340278748,0.00326913358814644,18.373428153166632,5.016000966123988
566,cnaPANCAN299,0.02798473578627223,0.4739150222123734,0.8411511561628418,0.00325142403177084,13.400515769144883,5.224408884840223
567,cnaPANCAN300,0.08316548024164026,0.5407880991586146,0.9607120742219752,0.00328157898831134,23.18227674418692,5.355442782036322
568,cnaPANCAN301,0.05246152126861303,0.5301149261792754,0.9389023179664946,0.00326902381776444,18.373428153166632,5.310892308462398
569,cnaPANCAN302,0.3647293702135226,0.2764362130743577,0.4922769276565564,0.00331785985359898,47.16328063105896,4.892972269636784
570,cnaPANCAN303,0.7656594001430643,0.1897664324389278,0.33830157135862127,0.00333012415102573,59.71347141497038,4.750797445130138
571,cnaPANCAN304,4.7770442489e-07,0.1988340101454789,0.3540952939121178,0.0029278195819453,0.00429933982401155,4.745984040272695
572,cnaPANCAN305,1.4542981772e-07,0.2136324602320596,0.380360081388722,0.00289328000405786,0.00327217089880148,4.770044218645046
573,cnaPANCAN306,4.10178523484e-06,0.1626828760139142,0.28985746537644275,0.00299082898849416,0.01678003050618136,4.686837824841697
574,cnaPANCAN307,1.37130933344e-06,0.20037178841326952,0.35663601048104177,0.00295863610524467,0.00764892875731925,4.736485222771696
575,cnaPANCAN308,4.3579953208e-07,0.20080314508115268,0.3574998575882038,0.00292514491310479,0.00429933982401155,4.743545839677707
576,cnaPANCAN309,7.3912340445e-07,0.20532429654185216,0.3655447478521205,0.00294055364908209,0.00554342553338502,4.752305620642217
577,cnaPANCAN310,3.64465816953e-06,0.2649953135632668,0.4710065311666254,0.00298734919045616,0.01640096176292844,4.840391671280625
578,cnaPANCAN311,2.5992636251e-07,0.2500606739756825,0.4448002170146772,0.00291011531143114,0.00389889543773374,4.824005127977877
579,cnaPANCAN312,1.52978575146e-06,0.21936768798809128,0.3904700307783653,0.00296184169580224,0.00764892875731925,4.776068503633872
580,cnaPANCAN313,1.30046023834e-06,0.2312750108108709,0.4116192684696847,0.00295708181758495,0.00764892875731925,4.797399932193399
581,cnaPANCAN314,0.00580937635578492,0.4069163270838972,0.7238985314682996,0.00320597915664112,5.562168851283436,5.122254494752569
582,cnaPANCAN315,9.072647538232e-05,0.3345260452078615,0.5951063438914499,0.00308256740249885,0.2916208137289004,4.987732624598124
583,cnaPANCAN316,0.0985553794438431,0.34774631339328377,0.6193941037312332,0.00328610669606253,24.368088324027145,5.0268839366460005
584,cnaPANCAN317,0.09810895452461352,0.38279694794714314,0.6815815754920989,0.00328598643244032,24.368088324027145,5.086947360785902
585,cnaPANCAN318,0.2520177170187712,0.4867292254894184,0.8668525674517653,0.00330966936427504,39.24151303060452,5.27768378842111
586,cnaPANCAN319,0.2520177170187712,0.4867292254894184,0.8668525674517653,0.00330966936427504,39.24151303060452,5.27768378842111
587,cnaPANCAN320,0.10609286809412784,0.5242825835282541,0.9333874240053728,0.00328805232613172,25.667629377611576,5.342424027666272
588,cnaPANCAN321,0.07437103252741371,0.557221684333966,0.9916402336018536,0.00327856702077787,22.33638499940272,5.3988644779276695
589,cnaPANCAN322,0.02192995470012906,0.6813880479178634,1.2112807633434493,0.00324448567799759,11.748190017926287,5.615318512937264
590,cnaPANCAN323,0.01329174573336392,0.6537983299757001,1.162540233012325,0.00323009075484968,9.8247376710224,5.567285099108352
591,cnaPANCAN325,0.5562574637348847,0.1678347396857049,0.29932309645144883,0.00332581174247845,55.361497857383675,4.719382934340134
592,cnaPANCAN326,0.356400505645502,0.4406746495129066,0.785113352431403,0.00331737529568976,46.385289917898405,5.197774608564142
593,cnaPANCAN327,0.5579548116470313,0.03092095921879258,-0.05514958833252592,0.00332586144452723,55.361497857383675,4.366632595926371
594,cnaPANCAN328,0.07495098077577356,0.49684700887477695,0.8857089270589915,0.00327877710955252,22.33638499940272,5.303648329480342
595,cnaPANCAN329,0.7423125104373887,0.0671795289470774,0.1198143788623378,0.00332980119635175,59.017779098378966,4.539190234018106
596,cnaPANCAN330,0.07021140263077585,0.37969233141406833,0.6766076170010598,0.00327700698522253,22.25009238299236,5.0898045782868895
597,cnaPANCAN331,0.650737501403909,0.3311849129956117,0.5903257337747307,0.00332817783225052,55.88570044518476,5.005207366907701
598,cnaPANCAN332,0.10899766910981344,0.7448858156130812,1.3255292333956188,0.00328876226347451,26.089867606072367,5.736151124771446
599,cnaPANCAN333,0.07477939858847793,0.6661054594936261,1.1848149305153264,0.00327871513439811,22.33638499940272,5.591692215363673
600,cnaPANCAN334,0.8581342929130602,0.09309503426761764,-0.1658689638818167,0.0033310778698074,63.0279374479615,4.3217455865590715
601,cnaPANCAN335,0.34138707076573616,0.13983630179629394,-0.24882233327051664,0.00331646163257052,45.67103501027645,4.272833028754145
602,cnaPANCAN336,0.8604985738561242,0.0932211176739256,-0.16609441236802347,0.0033310957612055,63.0279374479615,4.320232901720281
603,cnaPANCAN337,0.6375486427197057,0.10378688558940524,-0.1848722005149588,0.00332789315270641,55.88570044518476,4.310304259632795
604,cnaPANCAN338,0.7947063439802479,0.06057430335232206,-0.10799107790379205,0.00333047840804611,60.60572111902008,4.356144640902715
605,cnaPANCAN339,0.4410162822577521,0.23834704847416388,-0.42245580760176,0.00332167073221357,51.849021881389206,4.138806121589743
606,cnaPANCAN340,0.16255771816645084,0.26924850956199453,-0.4763569191599837,0.00329903805995018,32.0837601644311,4.1071658047045885
607,cnaPANCAN341,0.12734994699339047,0.30618047081262056,-0.5405581627096527,0.00329281649120764,28.06550053558992,4.056383872495487
608,cnaPANCAN342,0.12840310337180627,0.2967627815994624,-0.5242683298047028,0.00329302927806298,28.06550053558992,4.066303493629599
609,cnaPANCAN343,0.04934660259675285,0.371274254388424,-0.6531255512455667,0.00326733084629731,17.948017598737984,3.952578603141617
610,cnaPANCAN344,0.9352517643767057,0.3680440392530997,-0.6543775209433051,0.00333150296640829,64.64959354041275,3.7991044505895166
611,cnaPANCAN345,0.9592263036596403,0.1975842432768568,-0.35232054732270773,0.00333156980910796,65.3028497196427,4.073671375592018
612,cnaPANCAN346,0.05896273070422917,0.2803647100625419,0.49951511500569445,0.00327223997531692,19.509727071252303,4.907149779191896
613,cnaPANCAN347,0.3003162361931334,0.27447778649586424,0.4893794755051415,0.00331366279098294,42.902319456161926,4.9064260493551854
614,cnaPANCAN348,0.8164011651863825,0.23851870988519175,0.42529031789486105,0.00333070977416191,61.02666517173958,4.842493899103037
615,cnaPANCAN349,0.5540295569790327,0.4098687556949497,0.7294814393066664,0.00332574606738966,55.361497857383675,5.132193691184565
616,cnaPANCAN350,0.13899105960769204,0.4737878495555404,0.8437731343603253,0.00329506667873097,29.193426585318967,5.254016977156339
617,cnaPANCAN351,0.13183414290687728,0.7250271209567286,1.2886332995421146,0.00329370932935458,28.385341774208037,5.692884207470394
618,cnaPANCAN352,0.1131383823220168,0.482441098575452,0.8587357323798681,0.00328973930176635,26.516808356722695,5.265218480146065
619,cnaPANCAN353,0.6071945835447294,0.27466161596921274,0.4896320989622733,0.00332718420938938,55.369826062710125,4.9046467536341165
620,cnaPANCAN354,0.304369630329137,0.06570611709501804,-0.11718983975467624,0.00331396064368369,43.20704531486173,4.305149536497517
621,cnaPANCAN355,0.12160680083091724,0.4785705328611972,0.8520687412563427,0.00329162081008976,27.499025313524008,5.260434884184832
622,cnaPANCAN356,0.870659624425788,0.22753037030179069,0.40422155211002586,0.00333116909852334,63.10044762455716,4.750014565698548
623,cnaPANCAN357,0.5027291749258826,0.3117780340303182,0.5553690144631851,0.0033240882131975,53.35569073505832,4.9620164389904335
624,cnaPANCAN358,0.3968188579639561,0.18349832744078595,0.3271699573090716,0.00331959170790472,49.53461375736954,4.741999967566747
625,cnaPANCAN359,0.02190561570091353,0.2969010441461237,0.5290463667739553,0.00324445395881009,11.748190017926287,4.939144175419122
626,cnaPANCAN360,0.00118456108460773,0.4459250765160475,0.7929620700944966,0.00315901936036162,1.974268474346225,5.1899211342831
627,cnaPANCAN361,0.00289033705472851,0.25207332508690805,0.44887544567887794,0.00318543560694488,3.6129213184106415,4.846763229425215
628,cnaPANCAN362,0.00017794549856405,0.5612093307597833,0.9874772558874289,0.00310261861026596,0.5004717147114052,5.313921788786193
629,cnaPANCAN363,1.007590297274e-05,0.6363281642324751,1.1132459184234529,0.00301735441460719,0.03778463614779147,5.413726268278764
630,cnaPANCAN364,4.48491747063e-05,0.6232404907466019,1.0964027713171216,0.00306161872168397,0.15524714321413788,5.432800855458111
631,cnaPANCAN365,0.00030811391619283,0.637306096948273,1.122022757844209,0.00311896569286559,0.7297434857198772,5.465731394392682
632,cnaPANCAN366,0.00131292711008633,0.573923056608268,1.010187352943646,0.00316207299436781,2.110061426924471,5.341771028271817
633,cnaPANCAN367,0.00021924648229201,0.5367739773882103,0.9426699498164126,0.00310883348099419,0.5803583354788665,5.247057478383116
634,cnaPANCAN368,0.17678399764113178,0.2816126648712459,0.49998019155837614,0.00330113180133874,33.249476760859,4.8547541960493685
635,cnaPANCAN369,0.18514389574693296,0.3922751198564782,0.69393116279553,0.00330227403341157,33.57583422965986,5.030688138790313
636,cnaPANCAN370,0.3486832750932177,0.34224938368099,0.6097707330815325,0.00331691230460248,45.87937830173918,5.020007505982433
637,cnaPANCAN371,0.08345619627907289,0.5550738199913664,0.9873781761439524,0.00328167264154324,23.18227674418692,5.391594683968192
638,cnaPANCAN372,0.33441491427810977,0.48338571378149087,0.8605107755359284,0.00331601873008987,45.191204632177,5.26785397412273
639,cnaPANCAN373,0.21831122904149608,0.4812406890632562,0.856706684841325,0.00330627877758953,35.723655661335734,5.264112956434462
640,cnaPANCAN374,0.00177764737709467,0.6500726233404898,1.1495894270321712,0.00317105794343903,2.666471065642019,5.522357502199548
641,cnaPANCAN375,0.2294276102805895,0.6403135231331761,1.1391732277548057,0.00330746278556211,36.796935057576086,5.5466180778188265
642,cnaPANCAN376,0.27391858840091776,0.5570942187434209,0.99297891123207,0.00331158914449596,41.502816424381486,5.410473671231976
643,cnaPANCAN377,0.8071745316792229,0.15769669700980413,0.28104935795352226,0.00333061478627425,60.775698800952405,4.684311792662088
644,cnaPANCAN378,0.6572490893879668,0.11984649446719613,0.2136890542077987,0.00332831337089072,55.88570044518476,4.625777893289564
645,cnaPANCAN379,0.6210067503754411,0.15697885512782225,0.27983233806387187,0.00332751632340553,55.557263950089165,4.688683878136439
646,cnaPANCAN380,0.3360068473982876,0.08141874577897507,0.1451940760644579,0.00331612093681562,45.270383631505815,4.559883642433238
647,cnaPANCAN381,0.9647649482918991,0.09619469645055924,0.17150945146964336,0.00333158091515347,65.31157161951084,4.578901786109299
648,cnaPANCAN382,0.08230180928502477,0.42840655432026753,0.7626013352634349,0.00328129867313162,23.18227674418692,5.167616600552871
649,cnaPANCAN383,0.02976389305769199,0.4095871385109888,0.7289224574026267,0.00325316950894812,13.807991624702476,5.1308938306175165
650,cnaPANCAN384,0.05349942221406368,0.3659137539129482,0.6502126803289956,0.00326956454480567,18.519030766406665,5.033417070242038
651,cnaPANCAN385,0.0102965956993506,0.3968180815543525,0.7020060407071194,0.00322268853635468,8.488825089080185,5.04068549190321
652,cnaPANCAN386,0.00970773522682205,0.37631025902485166,0.6682458494712886,0.00322097623532688,8.488825089080185,5.045537688516548
653,cnaPANCAN387,0.02152056469366318,0.32662838230370306,0.5804805284446689,0.00324394727079266,11.748190017926287,4.959983867360432
654,cnaPANCAN388,0.07634867139028839,0.2636110503845197,0.4688729969693464,0.0032792763787065,22.455491585378944,4.849669916450604
655,cnaPANCAN389,0.03215238064507556,0.2402459281659344,0.4272393712382838,0.00325535014313913,14.103217349909285,4.799706509929878
656,cnaPANCAN390,0.10339252628610508,0.25670417797691764,0.45692997147833214,0.00328737308830983,25.18755870484203,4.848710044889424
657,cnaPANCAN391,0.01037523066443133,0.4311348482970983,0.7635106914584746,0.00322290961584364,8.488825089080185,5.121034000304798
658,cnaPANCAN392,0.8671518094324617,0.46039232042996125,0.8191201068861451,0.00333114443114885,63.10044762455716,5.221207771742578
659,cnaPANCAN393,0.41662564387772416,0.5405869923469816,0.9571843126362544,0.00332056380309913,50.96519370890061,5.3282081044501295
660,cnaPANCAN394,0.19596403561439452,0.6061217345457891,1.0751154183894078,0.00330366692620499,34.34018954732777,5.463302875895269
661,cnaPANCAN395,0.16004497570408313,0.42006424155830696,0.7471625913056856,0.00329864659796186,31.76731879990896,5.144771211735076
662,cnaPANCAN396,0.5131255127732732,0.12870174762944697,0.22948557759704705,0.00332444781559418,54.04495033688658,4.643248619031385
663,cnaPANCAN397,0.478235405725892,0.20550703385259675,0.3662801193412788,0.00332318920144022,52.96319589929068,4.775365212715969
664,cnaPANCAN398,0.9829741838621313,0.0935403888299502,-0.16681515304905137,0.00333160600223514,65.92226270312358,4.259635814132515
665,cnaPANCAN399,0.2823106715990694,0.06549593024653137,-0.11680945024105148,0.00331227482776425,41.915348932300766,4.308190574268365
666,cnaPANCAN400,0.14339849808656077,0.00921348621556041,-0.01643286774462904,0.00329586436078404,29.493640945250256,4.4057227911286
667,cnaPANCAN401,0.2700801393772387,0.00739336527708488,0.01318656451794453,0.00331126670476104,41.19866532873134,4.434264370765238
668,cnaPANCAN402,0.36985487054759486,0.10210734404717477,-0.18208871642466296,0.00331815053028356,47.673160117522016,4.2448054215076985
669,cnaPANCAN403,0.36985487054759486,0.10210734404717477,-0.18208871642466296,0.00331815053028356,47.673160117522016,4.2448054215076985
670,cnaPANCAN404,0.36985487054759486,0.10210734404717477,-0.18208871642466296,0.00331815053028356,47.673160117522016,4.2448054215076985
671,cnaPANCAN405,0.08485156802363034,0.16788911767395262,0.2992820162565071,0.00328211733272381,23.28244244550833,4.709107552450384
672,cnaPANCAN406,0.08986617687096551,0.13746361659491932,0.24508589965406544,0.00328365290230226,23.94650733620705,4.656791608419174
673,cnaPANCAN407,0.13844816640206567,0.1299736359238776,0.23174091654624007,0.00329496647279841,29.193426585318967,4.643985956234877
674,cnaPANCAN408,0.1747014434259166,0.14980690365462185,0.26706883737999654,0.00330083757996507,33.249476760859,4.677332605993736
675,cnaPANCAN409,0.1747014434259166,0.14980690365462185,0.26706883737999654,0.00330083757996507,33.249476760859,4.677332605993736
676,cnaPANCAN410,0.0993823871515501,0.06741243910165838,0.1202228377372334,0.00328632793265013,24.438291922512327,4.536351909430912
677,cnaPANCAN411,0.07173759496404263,0.4236695522003871,0.753736572708191,0.00327759054016791,22.286467836950365,5.153477230748615
678,cnaPANCAN412,0.656793363981397,0.07061152733035198,0.12593353605367152,0.00332830399124284,55.88570044518476,4.544673247195285
679,cnaPANCAN413,0.4677664162693845,0.17552200322897818,-0.31294803744155875,0.0033227815061789,52.96319589929068,4.115797263976631
680,cnaPANCAN414,0.7865243108395092,0.09676678361380188,-0.17257061978907728,0.00333038384036832,60.60572111902008,4.253332026759915
681,cnaPANCAN415,0.5734483657391349,0.05280433448399249,-0.09417433521023089,0.00332630207195685,55.361497857383675,4.331827948861581
682,cnaPANCAN416,0.31662904032246525,0.169301289721059,-0.3018898803348824,0.00331483119293388,44.00030200353682,4.124726282494336
683,cnaPANCAN417,0.46034880491789887,0.16573163906103994,-0.2955397968309468,0.0033224836766873,52.5779091911306,4.130052303069199
684,cnaPANCAN418,0.7925811923695637,0.00102125852580209,0.00182148522683167,0.00333045423443124,60.60572111902008,4.423402019196997
685,cnaPANCAN419,0.6324959400245124,0.09841896752608448,-0.17552571735632228,0.00332778041900671,55.88570044518476,4.248449612561264
686,cnaPANCAN420,0.9179811545402138,0.14075294013497913,0.25100448385254204,0.00333143581629267,64.64959354041275,4.668713594512697
687,cnaPANCAN421,0.7549108335328406,0.24953720570829,0.4449386316061048,0.00332997978245811,59.28619111514457,4.862399679647954
688,cnaPANCAN422,0.6186727813241337,0.2518082910348475,0.44897125589072656,0.00332746133694382,55.461333039032645,4.8659294387777035
689,cnaPANCAN423,0.6186727813241337,0.2518082910348475,0.44897125589072656,0.00332746133694382,55.461333039032645,4.8659294387777035
690,cnaPANCAN424,0.7407543578368432,0.10220171073835271,0.18226731509186853,0.00332977839672891,59.017779098378966,4.600667123058995
691,cnaPANCAN425,0.49466614952838817,0.14085998084164494,0.251190309028579,0.00332380047690393,53.10036024622716,4.668375929537752
