,Drug Name,Cell Line Name,TCGA Classification,Tissue,IC50,AUC,Z score
0,Nutlin-3a (-),PFSK-1,MB,nervous_system,4.261777000039007,0.9700855430090927,-0.0864249589139974
1,Nutlin-3a (-),A673,UNCLASSIFIED,soft_tissue,4.984547813531319,0.9847900403563784,0.3180342758984148
2,Nutlin-3a (-),ES5,UNCLASSIFIED,bone,4.736611196996717,0.9805446231677856,0.17929008156518542
3,Nutlin-3a (-),ES7,UNCLASSIFIED,bone,4.374504375891589,0.9753390070873292,-0.02334323601009983
4,Nutlin-3a (-),EW-11,UNCLASSIFIED,bone,5.270628081369326,0.9781405485174659,0.47812348269082633
5,Nutlin-3a (-),SK-ES-1,UNCLASSIFIED,bone,4.306808149005697,0.980676563810558,-0.06122573432745416
6,Nutlin-3a (-),COLO-829,SKCM,skin,5.856490004503085,0.9546166925058035,0.8059691299043171
7,Nutlin-3a (-),5637,BLCA,urogenital_system,5.081946485313548,0.97379058842056,0.3725381262551291
8,Nutlin-3a (-),RT4,BLCA,urogenital_system,2.497195997959746,0.8918123710839869,-1.0738764007023125
9,Nutlin-3a (-),SW780,BLCA,urogenital_system,3.5743763308924104,0.9269166465253668,-0.47109122304992407
10,Nutlin-3a (-),TCCSUP,BLCA,urogenital_system,6.0027796745461925,0.9810088682529863,0.8878321588231307
11,Nutlin-3a (-),C-33-A,CESC,urogenital_system,4.364604180306968,0.9661582533266725,-0.02888334008721531
12,Nutlin-3a (-),C-4-I,CESC,urogenital_system,4.67530865447459,0.9821100376226489,0.14498545971589946
13,Nutlin-3a (-),ME-180,CESC,urogenital_system,5.125399900105867,0.9767085359368173,0.39685445802836095
14,Nutlin-3a (-),42-MG-BA,GBM,nervous_system,5.516725109883696,0.9860376435274562,0.615838251998662
15,Nutlin-3a (-),8-MG-BA,GBM,nervous_system,4.758253189466096,0.9842343846299992,0.19140084136701888
16,Nutlin-3a (-),A172,GBM,nervous_system,1.9101118491262772,0.8341765925528054,-1.4024059998159697
17,Nutlin-3a (-),GB-1,GBM,nervous_system,6.348318043334642,0.9774449229031427,1.0811938464142854
18,Nutlin-3a (-),T98G,GBM,nervous_system,4.612430525482124,0.97265786001928,0.10979914689863536
19,Nutlin-3a (-),U-118-MG,GBM,nervous_system,5.896183805152906,0.9725126263207076,0.8281815988335067
20,Nutlin-3a (-),U-87-MG,GBM,nervous_system,3.342696393010799,0.916495527020081,-0.6007382545123814
21,Nutlin-3a (-),YKG-1,GBM,nervous_system,4.115063739424273,0.9516324439127598,-0.16852502717540108
22,Nutlin-3a (-),ChaGo-K-1,UNCLASSIFIED,lung,4.7039960768862885,0.9769707450403268,0.16103880982464636
23,Nutlin-3a (-),NCI-H720,UNCLASSIFIED,lung,4.9315307771162,0.9825034832748936,0.28836618529460306
24,Nutlin-3a (-),Calu-3,LUAD,lung,6.0693993380351134,0.9689755020251961,0.9251122171973692
25,Nutlin-3a (-),COR-L23,UNCLASSIFIED,lung,4.921708436487871,0.9637910599483654,0.28286964849422297
26,Nutlin-3a (-),LK-2,LUSC,lung,5.113386194628284,0.9733123791543536,0.39013164350124
27,Nutlin-3a (-),NCI-H1437,LUAD,lung,4.090921011240093,0.9573716253337715,-0.18203518722250617
28,Nutlin-3a (-),NCI-H1623,LUAD,lung,5.861089437412474,0.9826859320105679,0.80854295148147
29,Nutlin-3a (-),NCI-H1648,LUAD,lung,4.868790780590458,0.9685030068697,0.25325717077266413
30,Nutlin-3a (-),NCI-H1650,LUAD,lung,6.603884900911379,0.9751607120582249,1.2242078886657293
31,Nutlin-3a (-),NCI-H1693,LUAD,lung,7.343730914601224,0.9730665090855569,1.6382223272540009
32,Nutlin-3a (-),NCI-H1770,UNCLASSIFIED,lung,4.999776082715279,0.9907045773574309,0.32655594554345974
33,Nutlin-3a (-),NCI-H1838,LUAD,lung,6.579614887367605,0.9741576239877933,1.2106265003147367
34,Nutlin-3a (-),NCI-H2085,LUAD,lung,5.489857521628257,0.9744218941285853,0.6008032727435603
35,Nutlin-3a (-),NCI-H2170,LUSC,lung,5.437736090345878,0.9830577799569072,0.5716363586675217
36,Nutlin-3a (-),NCI-H2228,LUAD,lung,6.045280801971095,0.9684273305094163,0.9116155949498354
37,Nutlin-3a (-),NCI-H2342,LUAD,lung,6.764695221893972,0.9898581434133504,1.3141966073029543
38,Nutlin-3a (-),NCI-H2347,LUAD,lung,7.317239995574592,0.972156936711717,1.6233981303730862
39,Nutlin-3a (-),NCI-H2405,LUAD,lung,8.030706031260513,0.9736913739538446,2.0226504541683146
40,Nutlin-3a (-),NCI-H661,UNCLASSIFIED,lung,5.07976376030069,0.9753355595663207,0.37131668334123935
41,Nutlin-3a (-),COR-L311,SCLC,lung,5.337560731787415,0.9913200271135062,0.5155786871162258
42,Nutlin-3a (-),DMS-114,SCLC,lung,4.6033191696208045,0.969197118432616,0.10470047391547094
43,Nutlin-3a (-),DMS-273,SCLC,lung,5.174825702182191,0.9820169263486487,0.4245129103546077
44,Nutlin-3a (-),NCI-H1048,SCLC,lung,4.776342747811428,0.9799977848276809,0.20152367531364096
45,Nutlin-3a (-),NCI-H1092,SCLC,lung,6.186854012491374,0.986421652840549,0.9908393147349421
46,Nutlin-3a (-),NCI-H1694,SCLC,lung,4.658471986907323,0.98397548875367,0.13556373770675456
47,Nutlin-3a (-),NCI-H1963,SCLC,lung,4.577799910924743,0.9815029158640899,0.09042001370247837
48,Nutlin-3a (-),NCI-H2029,SCLC,lung,5.754836904822112,0.9922094735090389,0.7490845211932693
49,Nutlin-3a (-),NCI-H209,SCLC,lung,4.876165472551391,0.9866935739285064,0.257384014596205
50,Nutlin-3a (-),NCI-H2141,SCLC,lung,5.8252614868966415,0.9827436274707712,0.7884937945702869
51,Nutlin-3a (-),NCI-H2171,SCLC,lung,3.7314485848406087,0.9852407864613715,-0.3831943095937956
52,Nutlin-3a (-),NCI-H2227,SCLC,lung,6.291377071464398,0.9791695150930829,1.0493299395129605
53,Nutlin-3a (-),NCI-H345,SCLC,lung,6.357712672838316,0.9787239705109677,1.0864510380294845
54,Nutlin-3a (-),NCI-H446,SCLC,lung,5.396230093461496,0.987705378971332,0.5484097930306654
55,Nutlin-3a (-),NCI-H526,SCLC,lung,4.794371151426352,0.9896113976289194,0.2116122873533951
56,Nutlin-3a (-),NCI-H64,SCLC,lung,6.027244994012062,0.9846575470339379,0.9015228394730513
57,Nutlin-3a (-),NCI-H69,SCLC,lung,6.259750195908293,0.9905639664262947,1.0316316848959517
58,Nutlin-3a (-),NCI-H82,SCLC,lung,4.70274547132334,0.9871967340119939,0.16033897668307495
59,Nutlin-3a (-),NCI-H2052,MESO,lung,2.6304794747573403,0.8709491632731056,-0.999291577917038
60,Nutlin-3a (-),SK-N-DZ,NB,nervous_system,4.03211218930398,0.9699140162984714,-0.21494433446043987
61,Nutlin-3a (-),SK-N-FI,NB,nervous_system,6.3217276293112175,0.9899739968431694,1.066313972589146
62,Nutlin-3a (-),VA-ES-BJ,UNCLASSIFIED,soft_tissue,4.162283900128948,0.936686039188581,-0.14210084165239917
63,Nutlin-3a (-),VMRC-LCD,LUAD,lung,6.517569632355984,0.9873466083695237,1.1759062599601393
64,Nutlin-3a (-),LU-139,SCLC,lung,5.385688845478598,0.9840532184818,0.5425109589693807
65,Nutlin-3a (-),SBC-5,SCLC,lung,4.479523515643987,0.9821998027724455,0.03542499329854625
66,Nutlin-3a (-),SBC-1,SCLC,lung,4.7430873044585775,0.9705816030585498,0.18291408162120745
67,Nutlin-3a (-),LU-135,SCLC,lung,4.249160913357592,0.9707128884855316,-0.093484863202103
68,Nutlin-3a (-),SK-N-SH,NB,nervous_system,1.5754372558321328,0.8054906686990863,-1.589688368428582
69,Nutlin-3a (-),NCI-H2030,LUAD,lung,5.049142361496003,0.9599420539751876,0.3541810889062807
70,Nutlin-3a (-),NCI-H2122,LUAD,lung,4.0111779923171405,0.9706019681697912,-0.22665901515403045
71,Nutlin-3a (-),NCI-H1734,LUAD,lung,4.339738631632897,0.9829300387372669,-0.04279798716781824
72,Nutlin-3a (-),NCI-H650,LUAD,lung,5.558157636119238,0.9898371035764703,0.6390237037971396
73,Nutlin-3a (-),T24,BLCA,urogenital_system,4.915735169189913,0.9715061101175768,0.2795270354894339
74,Nutlin-3a (-),NCI-H929,MM,blood,0.8952889776430718,0.771852095845592,-1.970296227821971
75,Nutlin-3a (-),SK-N-AS,NB,nervous_system,5.7145312323721775,0.9775049278134084,0.7265296516089099
76,Nutlin-3a (-),NCI-H1299,UNCLASSIFIED,lung,5.2710339205719805,0.9712945979149091,0.47835058844869416
77,Nutlin-3a (-),NCI-H2087,LUAD,lung,5.856740819711376,0.9739780013359043,0.8061094849454058
78,Nutlin-3a (-),UM-UC-3,BLCA,urogenital_system,6.275436651607618,0.9910251058403283,1.0404097536151518
79,Nutlin-3a (-),SW756,CESC,urogenital_system,6.692944407125131,0.9810842682303944,1.2740451801882493
80,Nutlin-3a (-),NCI-H727,UNCLASSIFIED,lung,6.067386052969087,0.9721668087142544,0.9239855921011928
81,Nutlin-3a (-),Calu-6,LUAD,lung,6.322343982637022,0.9770370275718296,1.0666588810855528
82,Nutlin-3a (-),LU-65,UNCLASSIFIED,lung,5.397961935868294,0.9637575506534096,0.5493789241045736
83,Nutlin-3a (-),NCI-H1355,LUAD,lung,6.640623375799185,0.9759394389643901,1.244766570842587
84,Nutlin-3a (-),NCI-H1792,LUAD,lung,5.03075934352406,0.9864637260139576,0.34389403629751614
85,Nutlin-3a (-),HPAF-II,PAAD,pancreas,5.829204213659745,0.9729041706511192,0.7907001263976251
86,Nutlin-3a (-),MIA-PaCa-2,PAAD,pancreas,5.7869875754309135,0.9877994569332419,0.7670758891212441
87,Nutlin-3a (-),SHP-77,SCLC,lung,4.4306396472976655,0.98101480348554,0.00806980460395686
88,Nutlin-3a (-),NCI-H2009,LUAD,lung,6.056900147335673,0.9845979872969332,0.9181177273650488
89,Nutlin-3a (-),NCI-H2291,LUAD,lung,6.849478621143615,0.9685776713777875,1.3616410089655162
90,Nutlin-3a (-),SW1573,LUAD,lung,5.1780079539471435,0.9492413544531678,0.4262936838581943
91,Nutlin-3a (-),TE-5,ESCA,aero_digestive_tract,5.760675675006585,0.9807789687452576,0.7523518702297456
92,Nutlin-3a (-),HCC1954,BRCA,breast,5.163317424848494,0.9866398481682778,0.4180729311004572
93,Nutlin-3a (-),HCC1143,BRCA,breast,6.14751261797056,0.9826785287175008,0.9688240506604876
94,Nutlin-3a (-),HCC1187,BRCA,breast,4.5467934609494005,0.9781939401354801,0.07306894639708901
95,Nutlin-3a (-),HCC1395,BRCA,breast,4.874812677954118,0.9690946278457,0.2566269969393524
96,Nutlin-3a (-),HCC1599,BRCA,breast,5.163123566282225,0.9655444025180938,0.4179644487352164
97,Nutlin-3a (-),HCC1937,BRCA,breast,5.902657946768341,0.9779292281405108,0.831804498810878
98,Nutlin-3a (-),HCC2157,BRCA,breast,4.526120883972896,0.9858701585954887,0.06150066706229147
99,Nutlin-3a (-),HCC2218,BRCA,breast,5.002522907783068,0.9881516430037213,0.3280930562628503
100,Nutlin-3a (-),HCC38,BRCA,breast,6.432370599989763,0.9858674766774868,1.1282292719103637
101,Nutlin-3a (-),BB30-HNC,HNSC,aero_digestive_tract,3.889319664052153,0.9738257464750952,-0.29485037718127016
102,Nutlin-3a (-),BB49-HNC,HNSC,aero_digestive_tract,2.4179210173760675,0.8612514663551442,-1.1182383165241727
103,Nutlin-3a (-),BB65-RCC,KIRC,kidney,5.477129558368161,0.9865942493347027,0.5936807628347492
104,Nutlin-3a (-),BEN,UNCLASSIFIED,lung,5.473975729775481,0.9646132849355357,0.5919158948081037
105,Nutlin-3a (-),BHY,HNSC,aero_digestive_tract,5.13431937500488,0.9728296991593529,0.4018457553043981
106,Nutlin-3a (-),Ca9-22,HNSC,aero_digestive_tract,5.170973672574411,0.981592327006454,0.4223573322397288
107,Nutlin-3a (-),CADO-ES1,UNCLASSIFIED,bone,1.2069980986208604,0.8018820484616574,-1.7958652322681263
108,Nutlin-3a (-),CAL-12T,UNCLASSIFIED,lung,4.148051415466969,0.956460561609477,-0.15006527484256776
109,Nutlin-3a (-),CAL-33,HNSC,aero_digestive_tract,4.623977670167484,0.9738778809306456,0.11626087614464972
110,Nutlin-3a (-),CP50-MEL-B,SKCM,skin,1.7898762400981574,0.8388977351536061,-1.4696892955950889
111,Nutlin-3a (-),CP66-MEL,SKCM,skin,6.3546630340375545,0.9826076123259256,1.0847444741329009
112,Nutlin-3a (-),CPC-N,SCLC,lung,4.073272437947549,0.9702780053013593,-0.19191124795459769
113,Nutlin-3a (-),CTV-1,LAML,blood,1.5453496430867246,0.8628806023298232,-1.6065252586310796
114,Nutlin-3a (-),D-542MG,GBM,nervous_system,5.5880463913131,0.9692560274751042,0.6557493142251453
115,Nutlin-3a (-),DMS-79,SCLC,lung,5.262638073624434,0.9891767219241533,0.4736523109745396
116,Nutlin-3a (-),DSH1,BLCA,urogenital_system,6.356844504526868,0.9874074425117869,1.0859652150211645
117,Nutlin-3a (-),EBC-1,LUSC,lung,5.284317677862364,0.9725426937277525,0.4857841181496817
118,Nutlin-3a (-),EC-GI-10,ESCA,aero_digestive_tract,4.786737063868139,0.9765608432841022,0.2073402869424117
119,Nutlin-3a (-),EPLC-272H,LUSC,lung,5.7093450575385685,0.9810834390335776,0.7236274919399691
120,Nutlin-3a (-),HA7-RCC,KIRC,kidney,3.0949878677983733,0.904834339159496,-0.7393548099870505
121,Nutlin-3a (-),HCE-4,ESCA,aero_digestive_tract,4.576269484904745,0.9819800711269993,0.08956359431554381
122,Nutlin-3a (-),HO-1-u-1,HNSC,aero_digestive_tract,4.883603295364296,0.9740173410640413,0.26154618615518377
123,Nutlin-3a (-),HSC-2,HNSC,aero_digestive_tract,5.119853631129609,0.9864384453802133,0.393750791327485
124,Nutlin-3a (-),IM-9,MM,blood,0.00353696532420053,0.67035503554989,-2.4693165670664188
125,Nutlin-3a (-),IST-SL1,SCLC,lung,3.790655594531394,0.9806103411737626,-0.3500623383132195
126,Nutlin-3a (-),IST-SL2,SCLC,lung,4.60262705481429,0.9703558798059869,0.10431316964166908
127,Nutlin-3a (-),J82,BLCA,urogenital_system,6.110236874168971,0.9830568649657501,0.9479647152617507
128,Nutlin-3a (-),KNS-62,LUSC,lung,4.653444389759525,0.9684720802976605,0.13275031738404106
129,Nutlin-3a (-),KOSC-2,HNSC,aero_digestive_tract,4.032969884227361,0.9669031805336904,-0.21446437231208337
130,Nutlin-3a (-),KP-4,PAAD,pancreas,4.5508951095162224,0.9820466295200755,0.07536421013745843
131,Nutlin-3a (-),KYSE-140,ESCA,aero_digestive_tract,5.8215942007885655,0.9881679537305776,0.7864415980711731
132,Nutlin-3a (-),KYSE-410,ESCA,aero_digestive_tract,6.77439720846858,0.9747483884815693,1.3196257945264471
133,Nutlin-3a (-),KYSE-520,ESCA,aero_digestive_tract,7.3112036177678705,0.9794125242844495,1.6200202010168236
134,Nutlin-3a (-),KYSE-70,ESCA,aero_digestive_tract,6.909440696429823,0.9871086415656244,1.395195511492868
135,Nutlin-3a (-),LB1047-RCC,KIRC,kidney,5.5753582955645085,0.9718669180002506,0.6486491139930607
136,Nutlin-3a (-),LB2241-RCC,KIRC,kidney,4.438854967721684,0.9524146000815034,0.01266706026288745
137,Nutlin-3a (-),LB2518-MEL,SKCM,skin,2.767004784067349,0.9015679736915568,-0.922892640514952
138,Nutlin-3a (-),LB373-MEL-D,SKCM,skin,3.1505415111735178,0.9285734675708608,-0.708267245753535
139,Nutlin-3a (-),LB647-SCLC,SCLC,lung,4.963220939930753,0.9848784135174744,0.3060998551713981
140,Nutlin-3a (-),LB771-HNC,HNSC,aero_digestive_tract,5.677076752986643,0.9762120097621856,0.7055702965965321
141,Nutlin-3a (-),LB831-BLC,BLCA,urogenital_system,4.950312291499432,0.9739282931456845,0.29887623466883806
142,Nutlin-3a (-),LB996-RCC,KIRC,kidney,1.6551151712136272,0.7987590936586675,-1.5451009721404914
143,Nutlin-3a (-),LCLC-103H,UNCLASSIFIED,lung,5.079804870400512,0.9674740447305139,0.37133968836469455
144,Nutlin-3a (-),LU-134-A,SCLC,lung,5.141028763184911,0.9844986910059614,0.40560029818119586
145,Nutlin-3a (-),LU-165,SCLC,lung,7.5441300265376015,0.9828836460280365,1.7503647518757677
146,Nutlin-3a (-),LXF-289,LUAD,lung,5.436797517028479,0.9869360264732162,0.571111137340534
147,Nutlin-3a (-),MS-1,SCLC,lung,3.803126482991248,0.9716907211908937,-0.343083686284464
148,Nutlin-3a (-),MZ1-PC,PAAD,pancreas,7.100473419212047,0.9773545492865708,1.502096547669603
149,Nutlin-3a (-),MZ7-mel,SKCM,skin,2.5615182149818723,0.8901190936040162,-1.0378819828418246
150,Nutlin-3a (-),NCI-H1563,LUAD,lung,3.9410978958113314,0.9496521414738046,-0.2658755159855508
151,Nutlin-3a (-),NCI-H292,UNCLASSIFIED,lung,2.017982262248848,0.8381612268368835,-1.3420422109966
152,Nutlin-3a (-),NCI-H510A,SCLC,lung,4.682189937174468,0.9875633479931376,0.14883619397822037
153,Nutlin-3a (-),NCI-H835,UNCLASSIFIED,lung,3.6433247232501538,0.9576774717965663,-0.4325080186731255
154,Nutlin-3a (-),PC-14,LUAD,lung,5.513497869006308,0.9798269326900942,0.6140323027939386
155,Nutlin-3a (-),SBC-3,SCLC,lung,1.7785428799083842,0.833757256262852,-1.4760313920171348
156,Nutlin-3a (-),SK-MM-2,MM,blood,5.910526408379746,0.987465814132046,0.836207653867905
157,Nutlin-3a (-),TE-15,ESCA,aero_digestive_tract,5.182857320780755,0.9741089976231448,0.429007367313909
158,Nutlin-3a (-),U-266,MM,blood,5.776571082446404,0.9835958904473628,0.7612468673853121
159,Nutlin-3a (-),BE2-M17,NB,nervous_system,5.481908194891137,0.9840439866072819,0.5963548659327842
160,Nutlin-3a (-),KELLY,NB,nervous_system,4.07617952503601,0.9828938120212455,-0.19028445534291047
161,Nutlin-3a (-),SIMA,NB,nervous_system,1.7458371261349823,0.8354607944761558,-1.4943333819401052
162,Nutlin-3a (-),TE-1,ESCA,aero_digestive_tract,6.312806176048769,0.9823642501618045,1.0613215682299963
163,Nutlin-3a (-),TE-10,ESCA,aero_digestive_tract,4.2143880442198185,0.9688485999157209,-0.11294360140950244
164,Nutlin-3a (-),TE-8,ESCA,aero_digestive_tract,6.165589082446764,0.9810302740762051,0.9789395573379538
165,Nutlin-3a (-),CAPAN-1,PAAD,pancreas,5.392300347420892,0.9734652786896304,0.5462107251561475
166,Nutlin-3a (-),OVCAR-3,OV,urogenital_system,5.1531777789865965,0.9815366091862746,0.41239883174556496
167,Nutlin-3a (-),PC-3,PRAD,urogenital_system,6.740867187949501,0.9814145044704382,1.3008625487101644
168,Nutlin-3a (-),DU-145,PRAD,urogenital_system,6.480325326813684,0.9875331603321534,1.1550645172672205
169,Nutlin-3a (-),HCT-116,COREAD,digestive_system,1.9017560746252664,0.854541723720529,-1.4070818529326916
170,Nutlin-3a (-),HCT-15,COREAD,digestive_system,4.997850185525666,0.9787181779018398,0.32547822230243045
171,Nutlin-3a (-),HL-60,LAML,blood,3.6832466430778537,0.9682339831176099,-0.4101678952974522
172,Nutlin-3a (-),HT-29,COREAD,digestive_system,6.12927876642796,0.9835943696424305,0.9586204709019625
173,Nutlin-3a (-),K-562,LCML,blood,4.250107016832139,0.9719229785729288,-0.09295542803368537
174,Nutlin-3a (-),NCI-H226,LUSC,lung,4.437998869584732,0.9006217450423577,0.01218799166889831
175,Nutlin-3a (-),NCI-H23,LUAD,lung,4.730109214988562,0.9821911424474834,0.1756516022316389
176,Nutlin-3a (-),NCI-H460,UNCLASSIFIED,lung,0.8006793373592354,0.7378764090455239,-2.0232393489341587
177,Nutlin-3a (-),NCI-H522,LUAD,lung,5.039608630963904,0.980035299034656,0.34884605699306753
178,Nutlin-3a (-),T47D,BRCA,breast,4.334915976665686,0.9620757763180003,-0.04549672278551374
179,Nutlin-3a (-),MCF7,BRCA,breast,2.738314670588701,0.8729187983926121,-0.9389474965324307
180,Nutlin-3a (-),786-0,KIRC,kidney,4.949530980273416,0.9735603540510437,0.29843901648746507
181,Nutlin-3a (-),A498,KIRC,kidney,3.9533674384614215,0.93054009700714,-0.25900953614918254
182,Nutlin-3a (-),A549,LUAD,lung,1.9278042422987136,0.8272014636414364,-1.3925054176799143
183,Nutlin-3a (-),ACHN,KIRC,kidney,1.6980020779480949,0.7935683514142327,-1.5211016556801586
184,Nutlin-3a (-),BT-549,BRCA,breast,6.160684159721731,0.9770733806040008,0.9761947850600096
185,Nutlin-3a (-),CCRF-CEM,ALL,blood,3.274560568789451,0.9784236580483029,-0.6388667494840072
186,Nutlin-3a (-),SK-MEL-28,SKCM,skin,5.702491872628856,0.9787403051128845,0.7197924810722539
187,Nutlin-3a (-),SK-MEL-2,SKCM,skin,4.4309811813692175,0.9777798408818381,0.00826092550516598
188,Nutlin-3a (-),SK-MEL-5,SKCM,skin,5.261659368662936,0.9751943045493235,0.47310463216343446
189,Nutlin-3a (-),Hs-578-T,BRCA,breast,4.737414839857526,0.9636842507855508,0.1797397964270444
190,Nutlin-3a (-),MOLT-4,ALL,blood,0.00986221049311605,0.6725456801644603,-2.465776988858136
191,Nutlin-3a (-),SK-OV-3,OV,urogenital_system,7.126915274787548,0.9784634243611363,1.51689328886812
192,Nutlin-3a (-),MDA-MB-231,BRCA,breast,5.666631102617729,0.9873381794294408,0.6997249585219145
193,Nutlin-3a (-),COLO-205,COREAD,digestive_system,6.6854571101413685,0.9906694664560592,1.2698553231099958
194,Nutlin-3a (-),SW620,COREAD,digestive_system,6.9379620177626,0.9861623685218756,1.4111559121990824
195,Nutlin-3a (-),CAKI-1,KIRC,kidney,2.9504355219010128,0.8582048670194906,-0.8202456402759623
196,Nutlin-3a (-),RPMI-8226,MM,blood,4.6304572413528655,0.9910151878194388,0.11988681448447971
197,Nutlin-3a (-),SR,UNCLASSIFIED,blood,-0.47189571367183536,0.6086485771656897,-2.7353665153514397
198,Nutlin-3a (-),NCI-H322M,LUAD,lung,5.598475552562718,0.9715377838685061,0.6615854250641733
199,Nutlin-3a (-),IGROV-1,OV,urogenital_system,2.7257064159559925,0.8709488766458852,-0.9460030180419744
200,Nutlin-3a (-),OVCAR-5,OV,urogenital_system,7.09508341598459,0.973389114567632,1.499080326565599
201,Nutlin-3a (-),EKVX,LUAD,lung,6.262940911836096,0.9629347674840003,1.0334171949062787
202,Nutlin-3a (-),HCC2998,COREAD,digestive_system,5.632074887977368,0.992209818196708,0.680387459178352
203,Nutlin-3a (-),HOP-62,LUAD,lung,6.841633229160869,0.9841983367096232,1.3572507635669604
204,Nutlin-3a (-),HOP-92,UNCLASSIFIED,lung,5.82015604142179,0.976846364520582,0.7856368106805289
205,Nutlin-3a (-),LOXIMVI,SKCM,skin,1.7750204165434835,0.8374024107902608,-1.4780025463728823
206,Nutlin-3a (-),M14,SKCM,skin,4.531630265989194,0.9665540316066541,0.06458369198942551
207,Nutlin-3a (-),UACC-62,SKCM,skin,3.463335448731172,0.9301279007641076,-0.533229191813251
208,Nutlin-3a (-),UACC-257,SKCM,skin,4.6861751833143135,0.952288272263838,0.15106631945391957
209,Nutlin-3a (-),RXF393,KIRC,kidney,3.460604491129816,0.9225593670932394,-0.5347574231711452
210,Nutlin-3a (-),SN12C,KIRC,kidney,5.80473830397075,0.9839072403605656,0.7770091154615485
211,Nutlin-3a (-),TK10,KIRC,kidney,7.455487720835114,0.9567332575071018,1.7007609238473436
212,Nutlin-3a (-),U031,KIRC,kidney,2.0627014633260665,0.852512237547103,-1.3170175510193658
213,Nutlin-3a (-),SNB75,GBM,nervous_system,4.758119173749235,0.9552733681178176,0.19132584678605005
214,Nutlin-3a (-),U251,GBM,nervous_system,5.816765790280089,0.9831336211085064,0.7837396416789626
215,Nutlin-3a (-),SF539,LGG,nervous_system,4.75860334301352,0.9837418889202159,0.19159678568742325
216,Nutlin-3a (-),SF295,GBM,nervous_system,5.495574749784205,0.9790294870484496,0.6040026074178946
217,Nutlin-3a (-),SF268,GBM,nervous_system,6.4768370658599,0.9877308989923473,1.153112502423986
218,Nutlin-3a (-),KM12,COREAD,digestive_system,6.247731494206596,0.9888018535004418,1.024906074504714
219,Nutlin-3a (-),OVCAR-4,OV,urogenital_system,5.624078679986784,0.9801766296988759,0.6759128178329913
220,Nutlin-3a (-),OVCAR-8,OV,urogenital_system,5.121670966649109,0.989945572820352,0.3947677639554511
221,Nutlin-3a (-),BxPC-3,PAAD,pancreas,6.290503058475526,0.9848659609359821,1.04884084584994
222,Nutlin-3a (-),BONNA-12,,blood,0.37534059579162427,0.6972802438800667,-2.261256959411923
223,Nutlin-3a (-),BHT-101,THCA,thyroid,5.195792279633054,0.9809960274580114,0.4362457110074682
224,Nutlin-3a (-),Becker,GBM,nervous_system,5.1207021666004575,0.9736531445313883,0.3942256278881821
225,Nutlin-3a (-),BE-13,ALL,blood,3.270602358689041,0.9440976501734188,-0.6410817457159429
226,Nutlin-3a (-),ARH-77,MM,blood,3.998978135940497,0.9758451912023661,-0.2334859988711466
227,Nutlin-3a (-),AGS,STAD,digestive_system,1.753093026592765,0.8375169769627646,-1.4902730132973128
228,Nutlin-3a (-),ABC-1,LUAD,lung,5.469454058119411,0.9750913245392993,0.5893855880719332
229,Nutlin-3a (-),A2058,SKCM,skin,5.102992852786835,0.9896199860908456,0.38431557703886526
230,Nutlin-3a (-),A375,SKCM,skin,1.824601491172559,0.8359033094637357,-1.4502572042377213
231,Nutlin-3a (-),A253,UNCLASSIFIED,aero_digestive_tract,5.078255219626881,0.9876732873512231,0.3704725108937326
232,Nutlin-3a (-),8305C,THCA,thyroid,5.784389857607919,0.9665654026271631,0.7656222181326903
233,Nutlin-3a (-),647-V,BLCA,urogenital_system,5.213099816890638,0.9871549746894298,0.44593092953734526
234,Nutlin-3a (-),639-V,BLCA,urogenital_system,4.819231174744006,0.981062009767428,0.22552384246986903
235,Nutlin-3a (-),697,UNCLASSIFIED,blood,0.280112799769924,0.7086510862878488,-2.314545997642047
236,Nutlin-3a (-),BT-20,BRCA,breast,5.263748235966718,0.9917155594880352,0.4742735527334704
237,Nutlin-3a (-),A2780,UNCLASSIFIED,urogenital_system,1.2247487999893287,0.7750230313195265,-1.7859320211327947
238,Nutlin-3a (-),COR-L105,LUAD,lung,3.207106005634654,0.8769176385134889,-0.6766140138849719
239,Nutlin-3a (-),CRO-AP2,DLBC,blood,-0.3374805046408718,0.6137337418724071,-2.6601483803950363
240,Nutlin-3a (-),COR-L88,SCLC,lung,6.117068287799296,0.9902642469761151,0.951787543021297
241,Nutlin-3a (-),COLO-824,BRCA,breast,5.205326328779109,0.979101222313841,0.4415809212155912
242,Nutlin-3a (-),COLO-800,SKCM,skin,4.577629815446475,0.968567030814606,0.09032482905237776
243,Nutlin-3a (-),COLO-792,SKCM,skin,4.077435233241848,0.9570206625855863,-0.18958176678576416
244,Nutlin-3a (-),COLO-680N,ESCA,aero_digestive_tract,7.373876804952945,0.9865250984817336,1.6550918293379084
245,Nutlin-3a (-),COLO-679,SKCM,skin,4.179034787359022,0.9424843133071006,-0.13272712192682126
246,Nutlin-3a (-),CHP-212,NB,nervous_system,1.4610569461764036,0.8057284100027537,-1.653695065513418
247,Nutlin-3a (-),CFPAC-1,PAAD,pancreas,6.228526508136926,0.9762614839310845,1.0141590523154953
248,Nutlin-3a (-),Ca-Ski,CESC,urogenital_system,5.646047855936248,0.9839402866830144,0.6882066680108173
249,Nutlin-3a (-),Caov-3,OV,urogenital_system,4.665872138408628,0.9636276701714824,0.13970482857240796
250,Nutlin-3a (-),CAL-120,BRCA,breast,7.324036126495627,0.9710593691103988,1.6272012140902128
251,Nutlin-3a (-),CAL-72,UNCLASSIFIED,bone,4.163796376198955,0.9480248785766577,-0.14125446697521557
252,Nutlin-3a (-),CAL-62,THCA,thyroid,5.888034133870759,0.987921743034412,0.8236210801335013
253,Nutlin-3a (-),C32,SKCM,skin,4.668185714980833,0.9670562265527064,0.14099949541922296
254,Nutlin-3a (-),Daudi,UNCLASSIFIED,blood,2.263430540212388,0.9103691740247648,-1.204690479523822
255,Nutlin-3a (-),DB,DLBC,blood,3.727525832219935,0.9546980068620371,-0.3853894639825709
256,Nutlin-3a (-),Daoy,MB,nervous_system,5.448796208923375,0.9897563482987608,0.5778255503355896
257,Nutlin-3a (-),D-283MED,MB,nervous_system,1.61627819162731,0.8440887922074709,-1.5668339679293068
258,Nutlin-3a (-),DBTRG-05MG,GBM,nervous_system,5.334906323669725,0.9269683540703388,0.5140932924985694
259,Nutlin-3a (-),DEL,UNCLASSIFIED,blood,3.7327519570737713,0.9834715890765808,-0.3824649484653994
260,Nutlin-3a (-),Detroit562,HNSC,aero_digestive_tract,5.0861898615278,0.9829061371548888,0.3749127001374703
261,Nutlin-3a (-),DG-75,UNCLASSIFIED,blood,4.066179096220558,0.968915501866868,-0.19588064947663664
262,Nutlin-3a (-),DK-MG,GBM,nervous_system,0.8874161203283016,0.7246645299384373,-1.9747018426944547
263,Nutlin-3a (-),DJM-1,UNCLASSIFIED,skin,4.304033913100233,0.9680420996359771,-0.0627781840259844
264,Nutlin-3a (-),DOHH-2,DLBC,blood,-0.387208031329338,0.6105678230232514,-2.68797567643145
265,Nutlin-3a (-),DoTc2-4510,CESC,urogenital_system,6.336641982280047,0.9873218259689368,1.0746599761588636
266,Nutlin-3a (-),DU-4475,BRCA,breast,0.7071121275792651,0.7626738773360189,-2.0755991307137838
267,Nutlin-3a (-),EB2,UNCLASSIFIED,blood,4.198848611200689,0.9610168797730512,-0.12163939691066192
268,Nutlin-3a (-),EB-3,UNCLASSIFIED,blood,3.6802284465470287,0.9426330585736911,-0.411856864243877
269,Nutlin-3a (-),ECC10,UNCLASSIFIED,digestive_system,4.888018088670552,0.98813744292985,0.2640166842566168
270,Nutlin-3a (-),ECC12,UNCLASSIFIED,digestive_system,5.159039728504587,0.9896327799457965,0.415679151830848
271,Nutlin-3a (-),EFM-19,BRCA,breast,5.534711381268759,0.9766744744037527,0.6259032870356753
272,Nutlin-3a (-),EFO-27,UNCLASSIFIED,urogenital_system,5.730181425992585,0.9718370783517738,0.7352874282349356
273,Nutlin-3a (-),EM-2,LCML,blood,4.136475680538236,0.9811641654756403,-0.15654300305774607
274,Nutlin-3a (-),EoL-1-cell,UNCLASSIFIED,blood,0.37438556100426673,0.7234696659291482,-2.261791392502058
275,Nutlin-3a (-),ETK-1,UNCLASSIFIED,digestive_system,5.543079126874135,0.9814444569113076,0.6305858391275376
276,Nutlin-3a (-),EVSA-T,BRCA,breast,4.828698062661439,0.9894432480691869,0.23082146956225083
277,Nutlin-3a (-),FADU,HNSC,aero_digestive_tract,4.835304329983939,0.9787524884612612,0.2345183064797711
278,Nutlin-3a (-),FTC-133,THCA,thyroid,4.9574090474742825,0.973454243063822,0.3028475467883319
279,Nutlin-3a (-),G-361,SKCM,skin,4.426837341372478,0.9667018421910092,0.00594205163397548
280,Nutlin-3a (-),GAMG,LGG,nervous_system,5.151906034206832,0.975220947003371,0.41168716919514253
281,Nutlin-3a (-),GCIY,STAD,digestive_system,5.939680366456674,0.9706039452774468,0.852522075196808
282,Nutlin-3a (-),GDM-1,LAML,blood,0.37388697772757423,0.7010081466583813,-2.262070397418716
283,Nutlin-3a (-),GI-1,LGG,nervous_system,4.6105875864652885,0.9834306333316499,0.10876784667089966
284,Nutlin-3a (-),GI-ME-N,NB,nervous_system,2.87871494785296,0.8730334279428,-0.8603801448219061
285,Nutlin-3a (-),GOTO,NB,nervous_system,1.813176461707814,0.8363989554761091,-1.4566505983659266
286,Nutlin-3a (-),GR-ST,ALL,blood,3.2381786838343447,0.9144658813147549,-0.6592258855687572
287,Nutlin-3a (-),GCT,UNCLASSIFIED,soft_tissue,5.667762706980745,0.9794524428257131,0.7003581991373791
288,Nutlin-3a (-),ESS-1,UNCLASSIFIED,urogenital_system,4.607232520400687,0.9836826231045056,0.1068903670772271
289,Nutlin-3a (-),H4,LGG,nervous_system,0.4205908117984885,0.7099419492780796,-2.2359351459136705
290,Nutlin-3a (-),H9,UNCLASSIFIED,blood,3.968945771066173,0.989883335118928,-0.25029197261818387
291,Nutlin-3a (-),HC-1,UNCLASSIFIED,blood,-0.00665373994759948,0.6625056917775396,-2.4750192390330903
292,Nutlin-3a (-),HCC1419,BRCA,breast,4.865018891736008,0.9826522534584685,0.25114643905606787
293,Nutlin-3a (-),HCC1569,BRCA,breast,4.52767173015202,0.9665276228078878,0.06236851347668968
294,Nutlin-3a (-),HCC1806,UNCLASSIFIED,breast,4.884397786963016,0.9876218362639619,0.2619907800127177
295,Nutlin-3a (-),HCC70,BRCA,breast,5.926020846508098,0.9925541446836051,0.8448782704343939
296,Nutlin-3a (-),HEC-1,UCEC,urogenital_system,5.594865196514384,0.9809978504413449,0.6595650863655838
297,Nutlin-3a (-),HEL,LAML,blood,4.282228793021736,0.993433667746038,-0.07498022929027595
298,Nutlin-3a (-),HGC-27,STAD,digestive_system,4.560257301597497,0.9827881996593539,0.08060324991974135
299,Nutlin-3a (-),HH,UNCLASSIFIED,blood,5.895126822099539,0.9870680831367055,0.8275901159609363
300,Nutlin-3a (-),HLE,LIHC,digestive_system,4.838172953214184,0.9758340508192358,0.23612357489267796
301,Nutlin-3a (-),HMV-II,SKCM,skin,2.695713228252738,0.8707349344457741,-0.9627870684236275
302,Nutlin-3a (-),HOS,UNCLASSIFIED,bone,4.80140459369844,0.985293369143644,0.21554816941498625
303,Nutlin-3a (-),HSC-3,HNSC,aero_digestive_tract,4.973393522479134,0.9814132856185724,0.3117923857450994
304,Nutlin-3a (-),HSC-4,HNSC,aero_digestive_tract,4.903662419366193,0.9787513449675693,0.2727711800168113
305,Nutlin-3a (-),HT,DLBC,blood,5.577324910035854,0.9762252719512744,0.6497496224383422
306,Nutlin-3a (-),HT-1080,UNCLASSIFIED,soft_tissue,4.813640809038524,0.9601445653024258,0.22239549944141185
307,Nutlin-3a (-),HT-1197,BLCA,urogenital_system,2.5064392746644444,0.8616473787720631,-1.068703905419779
308,Nutlin-3a (-),HT-1376,BLCA,urogenital_system,6.627658022547146,0.9852240414432589,1.237511218582228
309,Nutlin-3a (-),HT-144,SKCM,skin,2.2505035972344616,0.8738215458490628,-1.2119243375708186
310,Nutlin-3a (-),HT-3,CESC,urogenital_system,5.660357176656931,0.9903017291099613,0.6962140983073009
311,Nutlin-3a (-),HuCCT1,UNCLASSIFIED,digestive_system,5.686850429102891,0.9708365538560944,0.7110396009589777
312,Nutlin-3a (-),HuH-7,LIHC,digestive_system,5.367503786817892,0.974736480863081,0.532334683483948
313,Nutlin-3a (-),HuO9,UNCLASSIFIED,bone,4.45399413279404,0.9762210417321594,0.02113886765543758
314,Nutlin-3a (-),HuTu-80,UNCLASSIFIED,digestive_system,0.27092953448223334,0.6876035701588716,-2.3196849108106514
315,Nutlin-3a (-),IGR-1,SKCM,skin,4.9381917595869815,0.983416152686527,0.2920936405583452
316,Nutlin-3a (-),IMR-5,NB,nervous_system,0.9023621388578742,0.7844059450429466,-1.9663381192220664
317,Nutlin-3a (-),IPC-298,SKCM,skin,5.432475904760149,0.9833745906062163,0.5686927829208818
318,Nutlin-3a (-),IST-MEL1,SKCM,skin,6.446279324588121,0.9829231489373822,1.136012530452705
319,Nutlin-3a (-),IST-MES1,MESO,lung,3.107284707599748,0.8952530149759396,-0.7324735547899249
320,Nutlin-3a (-),JAR,UNCLASSIFIED,urogenital_system,1.5788079614921278,0.8350578831406118,-1.5878021369890023
321,Nutlin-3a (-),JEG-3,UNCLASSIFIED,urogenital_system,2.6559077655610297,0.9109138606618229,-0.9850620229197165
322,Nutlin-3a (-),JiyoyeP-2003,UNCLASSIFIED,blood,3.4329567899679567,0.9581822623687308,-0.5502289500334661
323,Nutlin-3a (-),JVM-2,CLL,blood,0.421317071126421,0.6986267119605529,-2.2355287345221653
324,Nutlin-3a (-),JVM-3,CLL,blood,-0.49901918882458973,0.598438227832121,-2.750544687741564
325,Nutlin-3a (-),KALS-1,LGG,nervous_system,5.618747807484317,0.9751393233400557,0.6729296860116987
326,Nutlin-3a (-),KARPAS-45,ALL,blood,3.4272399191955327,0.9742144746202637,-0.5534280847176181
327,Nutlin-3a (-),KARPAS-299,UNCLASSIFIED,blood,3.868805145714924,0.9727883105760393,-0.30633020762590296
328,Nutlin-3a (-),KARPAS-422,DLBC,blood,4.711469300906446,0.9771139255823018,0.165220791736962
329,Nutlin-3a (-),KASUMI-1,LAML,blood,4.2442299637650285,0.9888912161082234,-0.09624419999583762
330,Nutlin-3a (-),KATOIII,STAD,digestive_system,7.356410109636679,0.9801323570275359,1.6453175466878047
331,Nutlin-3a (-),KE-37,ALL,blood,2.875802490975696,0.9619590417437012,-0.8620099423427975
332,Nutlin-3a (-),KG-1,LAML,blood,4.298397907785931,0.9823878650769604,-0.06593206677037362
333,Nutlin-3a (-),KINGS-1,LGG,nervous_system,7.064808773146468,0.973951357176441,1.4821387751803672
334,Nutlin-3a (-),KMOE-2,LAML,blood,4.829834727017599,0.9902997471671348,0.23145754172668936
335,Nutlin-3a (-),KMS-12-BM,MM,blood,3.553000936548877,0.9799030713076023,-0.483052795762338
336,Nutlin-3a (-),KNS-42,LGG,nervous_system,4.546335988016626,0.9487005238521486,0.07281294664048096
337,Nutlin-3a (-),HuP-T3,PAAD,pancreas,6.441311491407611,0.9724123704999987,1.13323255377219
338,Nutlin-3a (-),HuP-T4,PAAD,pancreas,5.4739940603857535,0.9817770406110407,0.5919261525336044
339,Nutlin-3a (-),HT55,COREAD,digestive_system,6.176556668577954,0.9831175467867987,0.9850769682731388
340,Nutlin-3a (-),HT-115,COREAD,digestive_system,5.530455776264024,0.9893538403939779,0.6235218699782235
341,Nutlin-3a (-),H-EMC-SS,UNCLASSIFIED,bone,4.360188943066899,0.9246522431609216,-0.03135408661197471
342,Nutlin-3a (-),GP5d,COREAD,digestive_system,1.304089341974398,0.8028940647062173,-1.7415334174511807
343,Nutlin-3a (-),DMS-53,SCLC,lung,5.385655838275827,0.9820988854971746,0.5424924882899803
344,Nutlin-3a (-),G-402,UNCLASSIFIED,soft_tissue,1.6184159055331848,0.805051910827772,-1.5656377130246013
345,Nutlin-3a (-),G-401,UNCLASSIFIED,kidney,1.591366064774556,0.7965978659874497,-1.5807746799452351
346,Nutlin-3a (-),KY821,LAML,blood,3.284808639822699,0.9602256678599241,-0.6331319759001331
347,Nutlin-3a (-),KU812,LCML,blood,3.291155654823295,0.9459468843466929,-0.6295802153938116
348,Nutlin-3a (-),KU-19-19,BLCA,urogenital_system,2.5074172562262738,0.8982352028727358,-1.068156631419814
349,Nutlin-3a (-),KS-1,GBM,nervous_system,2.2010604785082046,0.8474801068321405,-1.2395924802150065
350,Nutlin-3a (-),KP-N-YN,NB,nervous_system,2.5286851906330834,0.8580588830454781,-1.0562551927955075
351,Nutlin-3a (-),KYSE-150,ESCA,aero_digestive_tract,5.333119824079184,0.980102169100198,0.5130935755151294
352,Nutlin-3a (-),KYSE-180,ESCA,aero_digestive_tract,4.915093938801573,0.9884694488022634,0.27916820590284086
353,Nutlin-3a (-),KYSE-270,ESCA,aero_digestive_tract,4.560691691941449,0.9724732250478275,0.080846332765431
354,Nutlin-3a (-),KYSE-450,ESCA,aero_digestive_tract,5.383122820797352,0.9764793927944504,0.5410750233177019
355,Nutlin-3a (-),KYSE-510,ESCA,aero_digestive_tract,5.08972178427702,0.9897898386052993,0.3768891479213314
356,Nutlin-3a (-),L-428,UNCLASSIFIED,blood,4.746668450141204,0.9906834500694061,0.18491807433301644
357,Nutlin-3a (-),L-540,UNCLASSIFIED,blood,1.1109287470346676,0.7999961390284709,-1.8496252011353385
358,Nutlin-3a (-),LAMA-84,LCML,blood,3.2607033614121184,0.9674022691610259,-0.6466211792255624
359,Nutlin-3a (-),LC-2-ad,LUAD,lung,3.7157028293291647,0.957243686530112,-0.3920055622160899
360,Nutlin-3a (-),LC4-1,ALL,blood,-0.02823454512763874,0.6646590044737144,-2.487095758708227
361,Nutlin-3a (-),LNCaP-Clone-FGC,PRAD,urogenital_system,0.7711647848014668,0.7289831769581141,-2.039755557281956
362,Nutlin-3a (-),LOUCY,ALL,blood,2.926964736755018,0.9394233072415437,-0.8333797840783763
363,Nutlin-3a (-),LoVo,COREAD,digestive_system,0.9776225101469465,0.7348602344165645,-1.9242227603627395
364,Nutlin-3a (-),LP-1,MM,blood,5.326399661155758,0.9852221144485753,0.5093330031413081
365,Nutlin-3a (-),LS-123,COREAD,digestive_system,6.70395713204586,0.9645116082731693,1.2802078505831922
366,Nutlin-3a (-),LS-411N,COREAD,digestive_system,6.978086238486729,0.988903046175831,1.4336092422292643
367,Nutlin-3a (-),LS-513,COREAD,digestive_system,1.4064508798106523,0.78618484112594,-1.6842523699951693
368,Nutlin-3a (-),LU-99A,UNCLASSIFIED,lung,3.7587529474843593,0.8915513596866803,-0.36791491339270743
369,Nutlin-3a (-),MC116,DLBC,blood,3.902323074725877,0.9938178813598624,-0.28757372816215226
370,Nutlin-3a (-),MC-IXC,NB,nervous_system,3.8120996797061086,0.9693833063305031,-0.33806232652648216
371,Nutlin-3a (-),MDA-MB-175-VII,BRCA,breast,4.1384260718653625,0.8929665283198884,-0.15545157300961976
372,Nutlin-3a (-),MDA-MB-361,BRCA,breast,5.574305219883648,0.9895353899881472,0.6480598176682376
373,Nutlin-3a (-),MDA-MB-453,BRCA,breast,5.680645678607609,0.9852458135495683,0.7075674510178399
374,Nutlin-3a (-),MDA-MB-468,BRCA,breast,4.820247841221241,0.9717854394824675,0.2260927643712052
375,Nutlin-3a (-),MEL-HO,SKCM,skin,3.3327231964436175,0.9285229117623351,-0.6063192096047785
376,Nutlin-3a (-),MEL-JUSO,SKCM,skin,3.75296765429788,0.9469894210788544,-0.3711523369461889
377,Nutlin-3a (-),MEG-01,LCML,blood,3.7045649120256408,0.9586101490937283,-0.3982382896946949
378,Nutlin-3a (-),MES-SA,UNCLASSIFIED,urogenital_system,2.0409898959371726,0.8591368426000701,-1.3291672446273015
379,Nutlin-3a (-),Mewo,SKCM,skin,6.491936997388858,0.9860295592693661,1.161562354905456
380,Nutlin-3a (-),MFE-280,UCEC,urogenital_system,6.51984507174248,0.9835981647470186,1.1771795854126113
381,Nutlin-3a (-),MFE-296,UCEC,urogenital_system,4.649242537567448,0.9767804092778558,0.13039898015420645
382,Nutlin-3a (-),MG-63,UNCLASSIFIED,bone,5.335069383284225,0.977715491496082,0.5141845399115504
383,Nutlin-3a (-),MHH-CALL-2,UNCLASSIFIED,blood,2.1842992795217815,0.8996990110165362,-1.2489719703521789
384,Nutlin-3a (-),MHH-CALL-4,,blood,0.8110653527415175,0.7471757012935847,-2.0174273823247564
385,Nutlin-3a (-),MHH-ES-1,UNCLASSIFIED,bone,4.977659216767473,0.9807322940308288,0.31417944871941794
386,Nutlin-3a (-),MHH-NB-11,NB,nervous_system,0.8526157602377323,0.7593338893459278,-1.9941759647130493
387,Nutlin-3a (-),MHH-PREB-1,UNCLASSIFIED,blood,4.103386477493012,0.9834228436524488,-0.17505956943590187
388,Nutlin-3a (-),MKN1,UNCLASSIFIED,digestive_system,6.083677162218976,0.9772297141185966,0.9331020221761955
389,Nutlin-3a (-),MKN28,STAD,digestive_system,6.174602917252545,0.9810637020894896,0.9839836579853725
390,Nutlin-3a (-),ML-2,LAML,blood,0.42784702222498006,0.7226991752596436,-2.231874603813809
391,Nutlin-3a (-),MLMA,UNCLASSIFIED,blood,4.174531931771366,0.9760631573411092,-0.13524689927734043
392,Nutlin-3a (-),MN-60,UNCLASSIFIED,blood,2.16566940282128,0.8610769808188243,-1.2593971639741055
393,Nutlin-3a (-),MOG-G-CCM,LGG,nervous_system,5.295323884462329,0.9660586428908015,0.49194314092219765
394,Nutlin-3a (-),MOG-G-UVW,LGG,nervous_system,6.063118492202134,0.993346192954915,0.9215974846539966
395,Nutlin-3a (-),MOLT-13,ALL,blood,3.101781674867636,0.9582262264256168,-0.735553026686726
396,Nutlin-3a (-),MOLT-16,ALL,blood,0.119440224655913,0.6924130051696868,-2.404457634322495
397,Nutlin-3a (-),MONO-MAC-6,LAML,blood,4.332979798085376,0.9820139327828816,-0.04658019944565759
398,Nutlin-3a (-),Mo-T,UNCLASSIFIED,blood,2.842387798896238,0.9017229439688274,-0.8807086508928121
399,Nutlin-3a (-),MPP-89,MESO,lung,5.319709704005134,0.9774610421424833,0.5055893337795153
400,Nutlin-3a (-),MRK-nu-1,BRCA,breast,1.7801861126601577,0.8687124865037017,-1.4751118465000856
401,Nutlin-3a (-),MSTO-211H,MESO,lung,4.9491791921086845,0.9745662203307712,0.29824215744270693
402,Nutlin-3a (-),MV-4-11,UNCLASSIFIED,blood,-0.36145020268195904,0.6242931023563253,-2.673561713567054
403,Nutlin-3a (-),NALM-6,UNCLASSIFIED,blood,0.7186521727583879,0.7537507930074291,-2.069141374318922
404,Nutlin-3a (-),NAMALWA,UNCLASSIFIED,blood,4.41657955089611,0.9892672155937018,0.00020183909427528
405,Nutlin-3a (-),NB69,NB,nervous_system,1.3340947079767314,0.7896878756482317,-1.7247425521491755
406,Nutlin-3a (-),NCCIT,,urogenital_system,4.5473783995805,0.9750978764229588,0.07339627537431123
407,Nutlin-3a (-),NCI-H508,COREAD,digestive_system,6.067375485966736,0.9848742539487501,0.9239796788551059
408,Nutlin-3a (-),NCI-H520,LUSC,lung,6.060948415379561,0.9810056773046328,0.9203831196094242
409,Nutlin-3a (-),SNU-1,STAD,digestive_system,3.342001405761142,0.9446778269032899,-0.6011271661922022
410,Nutlin-3a (-),SNU-5,STAD,digestive_system,4.835391420879491,0.9814277950591709,0.23456704214578936
411,Nutlin-3a (-),SNU-16,STAD,digestive_system,4.811857714791602,0.9918676691546146,0.22139768807265475
412,Nutlin-3a (-),NH-12,NB,nervous_system,1.4123890162664798,0.7897038278932644,-1.6809294160486326
413,Nutlin-3a (-),NKM-1,LAML,blood,-0.20681230754039256,0.631840635258247,-2.587027056142588
414,Nutlin-3a (-),NMC-G1,LGG,nervous_system,5.5011663630731045,0.8998357132999909,0.6071316485883144
415,Nutlin-3a (-),no-11,LGG,nervous_system,5.170249676934878,0.9592194979688874,0.4219521875978771
416,Nutlin-3a (-),NOMO-1,LAML,blood,4.251447099963466,0.9802291721798279,-0.09220552365492042
417,Nutlin-3a (-),no-10,LGG,nervous_system,4.17262039829544,0.9510153793823698,-0.13631658465001767
418,Nutlin-3a (-),NTERA-2-cl-D1,UNCLASSIFIED,urogenital_system,1.245948978723124,0.7822260657197417,-1.7740684982725867
419,Nutlin-3a (-),NUGC-3,STAD,digestive_system,6.590323768480888,0.987285024082764,1.2166191411075316
420,Nutlin-3a (-),NCI-H747,COREAD,digestive_system,7.242708166331528,0.9801162201654163,1.5816904603038386
421,Nutlin-3a (-),NCI-H716,COREAD,digestive_system,5.2417693104493495,0.9688190739253528,0.46197424674212745
422,Nutlin-3a (-),NCI-H596,UNCLASSIFIED,lung,6.377651721817127,0.9855458441667644,1.09760883845849
423,Nutlin-3a (-),NCI-H441,LUAD,lung,6.965386717280987,0.9548041069785941,1.4265026483637202
424,Nutlin-3a (-),NCI-N87,STAD,digestive_system,5.781072861997528,0.960958354800867,0.763766042590719
425,Nutlin-3a (-),NCI-H2452,MESO,lung,5.540166886053608,0.9620763332483004,0.6289561625110061
426,Nutlin-3a (-),NCI-H1793,LUAD,lung,6.625760169122513,0.9668214593837949,1.236449188503559
427,Nutlin-3a (-),NCI-H358,LUAD,lung,6.222166699948214,0.9704052513822785,1.0106001327997345
428,Nutlin-3a (-),NCI-H1155,UNCLASSIFIED,lung,4.490705030064402,0.9783175928747933,0.04168211752396
429,Nutlin-3a (-),NCI-H1105,SCLC,lung,5.392048088735401,0.9880111611389576,0.5460695623518349
430,Nutlin-3a (-),NCI-H1436,SCLC,lung,4.668119047198413,0.9783382265357925,0.14096218843371544
431,Nutlin-3a (-),NCI-H28,MESO,lung,3.909464642116578,0.8650911532938776,-0.2835773397797167
432,Nutlin-3a (-),NCI-H1581,UNCLASSIFIED,lung,5.104917283368425,0.9856176339581728,0.38539247957276607
433,Nutlin-3a (-),NCI-H1573,LUAD,lung,4.8140993973956325,0.9733359151140536,0.2226521233843654
434,Nutlin-3a (-),NCI-H1666,LUAD,lung,3.9188902960474743,0.8976439922034729,-0.2783027870372274
435,Nutlin-3a (-),NCI-H1703,UNCLASSIFIED,lung,4.078827430925438,0.9589859516019443,-0.18880269934239047
436,Nutlin-3a (-),NCI-H1755,LUAD,lung,5.395485230205637,0.9707505072412465,0.5479929709663526
437,Nutlin-3a (-),NCI-H1993,LUAD,lung,5.816499759509998,0.9806972912866145,0.7835907720792239
438,Nutlin-3a (-),NCI-H2081,SCLC,lung,5.268178586882245,0.9769191948205352,0.4767527568017509
439,Nutlin-3a (-),NCI-H2196,SCLC,lung,5.876128727778651,0.9831787250415096,0.8169588694461626
440,Nutlin-3a (-),NCI-H524,SCLC,lung,3.414199259786688,0.960758149140484,-0.560725577958201
441,Nutlin-3a (-),NCI-H748,SCLC,lung,4.72370776734387,0.9761301573462631,0.17206938146714318
442,Nutlin-3a (-),ONS-76,MB,nervous_system,4.616636290479502,0.961048810519006,0.11215267371638428
443,Nutlin-3a (-),OPM-2,MM,blood,3.798998038099055,0.9812879219032933,-0.3453939451257048
444,Nutlin-3a (-),OS-RC-2,KIRC,kidney,6.248565903708632,0.9819730590291379,1.025373006238001
445,Nutlin-3a (-),P12-ICHIKAWA,ALL,blood,3.262972383312293,0.9659481233276868,-0.6453514449690241
446,Nutlin-3a (-),P30-OHK,ALL,blood,1.6945586381180409,0.8784729657392812,-1.5230285888279662
447,Nutlin-3a (-),P31-FUJ,LAML,blood,3.544676654693559,0.9557918487046909,-0.48771102573886
448,Nutlin-3a (-),PA-1,UNCLASSIFIED,urogenital_system,1.8085579698967416,0.8442158417698769,-1.459235085217115
449,Nutlin-3a (-),OCUB-M,BRCA,breast,5.054388978678338,0.9880800751293664,0.35711707183656466
450,Nutlin-3a (-),OC-314,OV,urogenital_system,4.944278791088592,0.9861299243033258,0.29549991549012405
451,Nutlin-3a (-),PF-382,ALL,blood,3.659409549090244,0.964951617772896,-0.42350702384886085
452,Nutlin-3a (-),Raji,UNCLASSIFIED,blood,4.319989336299502,0.9871991040338028,-0.05384960232647916
453,Nutlin-3a (-),RCM-1,COREAD,digestive_system,7.3074065923024625,0.9844046494915569,1.6178954029679349
454,Nutlin-3a (-),RD,UNCLASSIFIED,soft_tissue,5.6817435323197305,0.9807681573047968,0.7081818049237413
455,Nutlin-3a (-),REH,UNCLASSIFIED,blood,1.773929138123775,0.8710626595383844,-1.4786132207752838
456,Nutlin-3a (-),RF-48,STAD,digestive_system,1.5901566127896003,0.8236356440079646,-1.581451483733166
457,Nutlin-3a (-),RKO,COREAD,digestive_system,2.672116947181148,0.9096950384543853,-0.9759914391708637
458,Nutlin-3a (-),RMG-I,UNCLASSIFIED,urogenital_system,6.529484967162249,0.9428935653866045,1.1825740267104174
459,Nutlin-3a (-),RPMI-6666,UNCLASSIFIED,blood,0.1616588593207437,0.6739880472867048,-2.3808322798496775
460,Nutlin-3a (-),RPMI-8402,ALL,blood,3.247022939945937,0.9639090316894195,-0.6542766803814373
461,Nutlin-3a (-),RS4-11,ALL,blood,0.40561669203513834,0.7234107099772364,-2.244314594707695
462,Nutlin-3a (-),RT-112,BLCA,urogenital_system,5.490914914514078,0.9852129414452976,0.6013949849564938
463,Nutlin-3a (-),RVH-421,SKCM,skin,4.907319661064126,0.9750624824809939,0.27481775571004224
464,Nutlin-3a (-),Saos-2,UNCLASSIFIED,bone,4.832701917891852,0.9737112601467082,0.233062008599748
465,Nutlin-3a (-),SAS,HNSC,aero_digestive_tract,4.938535028258976,0.974539584964346,0.29228573213401254
466,Nutlin-3a (-),SCC-9,HNSC,aero_digestive_tract,5.710401334357662,0.9824499195020729,0.7242185796070765
467,Nutlin-3a (-),SCH,UNCLASSIFIED,digestive_system,5.369996028973584,0.982167743015494,0.533729330772468
468,Nutlin-3a (-),SF126,GBM,nervous_system,4.259134698541862,0.9681289443272612,-0.08790357872228062
469,Nutlin-3a (-),SH-4,SKCM,skin,3.544194864744965,0.9233893263021968,-0.4879806331860769
470,Nutlin-3a (-),SIG-M5,LAML,blood,3.347912613694433,0.9892313272111712,-0.5978192813234648
471,Nutlin-3a (-),SJRH30,UNCLASSIFIED,soft_tissue,4.284665424147514,0.9816817662103215,-0.07361670167923379
472,Nutlin-3a (-),SJSA-1,UNCLASSIFIED,bone,0.7525044642244697,0.7227223213808995,-2.0501977871576464
473,Nutlin-3a (-),SK-CO-1,COREAD,digestive_system,1.3467259046377715,0.7879816710634235,-1.7176741923857195
474,Nutlin-3a (-),SK-HEP-1,LIHC,digestive_system,3.739771136344364,0.9504253770760792,-0.3785370479140789
475,Nutlin-3a (-),SK-LMS-1,UNCLASSIFIED,soft_tissue,5.530316988604358,0.9829169138746718,0.6234442050399308
476,Nutlin-3a (-),SK-LU-1,LUAD,lung,6.4924278310150605,0.965199949116588,1.1618370231532162
477,Nutlin-3a (-),SKM-1,UNCLASSIFIED,blood,4.543059112331549,0.9911900650873854,0.07097922202484841
478,Nutlin-3a (-),SK-MEL-1,SKCM,skin,5.222781271596768,0.9699156552763565,0.4513486272213336
479,Nutlin-3a (-),SK-MEL-3,SKCM,skin,4.817748146483836,0.9724084353262176,0.2246939466521125
480,Nutlin-3a (-),SK-MEL-24,SKCM,skin,3.6267916725158,0.9164189147683331,-0.44175983809403085
481,Nutlin-3a (-),SK-MEL-30,SKCM,skin,5.087691654273549,0.9752627900822392,0.3757530964753601
482,Nutlin-3a (-),SK-MEL-31,SKCM,skin,2.4117023360393355,0.8504528948115084,-1.121718262100342
483,Nutlin-3a (-),SK-MES-1,LUSC,lung,5.647053045312788,0.9801758102863601,0.6887691673792021
484,Nutlin-3a (-),SK-MG-1,GBM,nervous_system,5.916363613771788,0.9832555545902868,0.8394741272537078
485,Nutlin-3a (-),SK-PN-DW,UNCLASSIFIED,bone,4.364955069247961,0.9773183748366362,-0.02868698424393943
486,Nutlin-3a (-),SK-UT-1,UNCLASSIFIED,soft_tissue,4.7483074175976006,0.9793899282660372,0.1858352330103205
487,Nutlin-3a (-),SNG-M,UCEC,urogenital_system,2.756674483341223,0.9154563299402216,-0.9286734294581063
488,Nutlin-3a (-),SNU-387,LIHC,digestive_system,5.842290388608198,0.9718828408668873,0.7980230899255778
489,Nutlin-3a (-),SNU-423,LIHC,digestive_system,5.10327013725117,0.9667638957616771,0.38447074415432775
490,Nutlin-3a (-),SNU-449,LIHC,digestive_system,6.481450917480954,0.9653882166320346,1.1556943926461067
491,Nutlin-3a (-),SNU-C2B,COREAD,digestive_system,5.811692071351519,0.9581825965356208,0.7809004118191027
492,Nutlin-3a (-),SU-DHL-1,UNCLASSIFIED,blood,4.97686066001675,0.9870802964248007,0.3137325800214532
493,Nutlin-3a (-),SUP-T1,ALL,blood,5.001291422774469,0.976802310757297,0.3274039228958645
494,Nutlin-3a (-),SW13,ACC,kidney,4.692977971458801,0.9799208970327729,0.15487312852278098
495,Nutlin-3a (-),SW1088,GBM,nervous_system,6.4339197789736255,0.9801375862431398,1.1290961853699335
496,Nutlin-3a (-),SW1116,COREAD,digestive_system,5.534748250481105,0.9768579885662368,0.6259239188779347
497,Nutlin-3a (-),SW1417,COREAD,digestive_system,9.340026182763635,0.9805402514435294,2.755340010409032
498,Nutlin-3a (-),SW1463,COREAD,digestive_system,5.508611043395602,0.9793094305030092,0.6112976575782337
499,Nutlin-3a (-),SW1710,BLCA,urogenital_system,5.892234043453838,0.9795466103471456,0.8259713302882435
500,Nutlin-3a (-),SW1783,LGG,nervous_system,6.218540777522512,0.9891232436719677,1.0085710832277095
501,Nutlin-3a (-),SW48,COREAD,digestive_system,1.383896546336952,0.7792754024011455,-1.6968736716418134
502,Nutlin-3a (-),SW626,OV,urogenital_system,7.226849271005808,0.977737180804059,1.5728158951599878
503,Nutlin-3a (-),SW684,UNCLASSIFIED,soft_tissue,6.268062080616922,0.9679655760315607,1.0362829774860014
504,Nutlin-3a (-),SW837,COREAD,digestive_system,6.164361349906641,0.9847182044492334,0.97825252383513
505,Nutlin-3a (-),SW872,UNCLASSIFIED,soft_tissue,5.4432248945427695,0.9746637510968672,0.5747078683412222
506,Nutlin-3a (-),SW948,COREAD,digestive_system,6.355111449347116,0.9865534532268627,1.0849954052850694
507,Nutlin-3a (-),SW962,UNCLASSIFIED,urogenital_system,4.591549048012965,0.9630834386140048,0.09811396780552756
508,Nutlin-3a (-),SW982,UNCLASSIFIED,soft_tissue,0.7645200469921346,0.729560151008344,-2.0434739221075997
509,Nutlin-3a (-),T84,COREAD,digestive_system,5.807602825810935,0.9865763857733907,0.7786120887553738
510,Nutlin-3a (-),TALL-1,ALL,blood,3.389010394788911,0.9536314443444128,-0.5748211513718087
511,Nutlin-3a (-),TGBC1TKB,UNCLASSIFIED,digestive_system,6.315250363419184,0.9784390119798794,1.0626893242809077
512,Nutlin-3a (-),TGBC11TKB,STAD,digestive_system,6.328413284954388,0.9895760120829962,1.0700552348470806
513,Nutlin-3a (-),THP-1,LAML,blood,5.095443038408004,0.9867825528285542,0.38009073551284506
514,Nutlin-3a (-),TUR,DLBC,blood,4.108129076844513,0.9908760252262893,-0.17240563257386726
515,Nutlin-3a (-),TYK-nu,UNCLASSIFIED,urogenital_system,6.502542277189724,0.976073242841648,1.1674970208786213
516,Nutlin-3a (-),U-2-OS,UNCLASSIFIED,bone,4.195862167394693,0.9626933374638356,-0.12331059717779388
517,Nutlin-3a (-),U-698-M,UNCLASSIFIED,blood,3.067410905929653,0.9464080285572009,-0.7547867514651253
518,Nutlin-3a (-),UACC-893,BRCA,breast,5.255444576210136,0.979243949003821,0.4696268627888914
519,Nutlin-3a (-),UMC-11,UNCLASSIFIED,lung,5.150907353978816,0.9758842824812816,0.4111283123164404
520,Nutlin-3a (-),VMRC-RCZ,KIRC,kidney,7.965018796161168,0.9766009339430208,1.9858921784476145
521,Nutlin-3a (-),WM-115,SKCM,skin,2.7286725725859853,0.867548486058114,-0.9443431703855591
522,Nutlin-3a (-),WSU-NHL,UNCLASSIFIED,blood,2.9877400038805586,0.9423555676402371,-0.7993702231245462
523,Nutlin-3a (-),YAPC,PAAD,pancreas,6.680548208000042,0.9721965963009424,1.2671083239689311
524,Nutlin-3a (-),YH-13,GBM,nervous_system,5.693909055124015,0.9811727110910179,0.7149895757311139
525,Nutlin-3a (-),ZR-75-30,BRCA,breast,5.8027177032433706,0.9613996352322512,0.7758783965548057
526,Nutlin-3a (-),RCC10RGB,KIRC,kidney,3.923887890566476,0.8853797431761737,-0.27550615604808804
527,Nutlin-3a (-),KURAMOCHI,UNCLASSIFIED,urogenital_system,6.787843027359351,0.9828246267244816,1.327150013156293
528,Nutlin-3a (-),KM-H2,UNCLASSIFIED,blood,2.2476375943810214,0.9020935598949338,-1.2135281396328743
529,Nutlin-3a (-),HuO-3N1,UNCLASSIFIED,bone,5.668993106304602,0.9791143919716508,0.7010467249601593
530,Nutlin-3a (-),OE19,ESCA,aero_digestive_tract,5.263710308041153,0.9691901780970994,0.474252328440146
531,Nutlin-3a (-),SUP-B8,UNCLASSIFIED,blood,1.9152099908908673,0.897251701028959,-1.3995531030490014
532,Nutlin-3a (-),NCI-H838,LUAD,lung,4.7488216993509935,0.9741275587254631,0.18612302272259543
533,Nutlin-3a (-),Ramos-2G6-4C10,UNCLASSIFIED,blood,3.765579990962338,0.9916029526321901,-0.3640945311503856
534,Nutlin-3a (-),RPMI-8866,LCML,blood,1.0431404343005748,0.7862739835808482,-1.8875592302713216
535,Nutlin-3a (-),QIMR-WIL,LAML,blood,0.9974723834475364,0.7905368324842195,-1.91311486223458
536,Nutlin-3a (-),PSN1,PAAD,pancreas,6.487412816104931,0.9857853434267289,1.1590306437930384
537,Nutlin-3a (-),OAW-42,OV,urogenital_system,4.860222269564808,0.9628546191973087,0.24846227127171347
538,Nutlin-3a (-),OE33,ESCA,aero_digestive_tract,6.048281128355403,0.976922487172597,0.9132945638441676
539,Nutlin-3a (-),CW-2,COREAD,digestive_system,2.4884542278923414,0.8950781767965091,-1.078768255168993
540,Nutlin-3a (-),CHP-126,NB,nervous_system,0.30775102528532045,0.6735371054361835,-2.299079773308061
541,Nutlin-3a (-),CGTH-W-1,THCA,thyroid,5.814156174011404,0.9838259802824264,0.7822793123747309
542,Nutlin-3a (-),COLO-320-HSR,COREAD,digestive_system,4.260961050347395,0.9801504130122192,-0.08688156062197191
543,Nutlin-3a (-),ATN-1,ALL,blood,4.617716527405256,0.9929879974802643,0.11275716934937112
544,Nutlin-3a (-),CESS,LAML,blood,0.5277417201377211,0.7292310482764371,-2.175973988673608
545,Nutlin-3a (-),COLO-678,COREAD,digestive_system,5.292876967788631,0.9148165154817997,0.4905738575656776
546,Nutlin-3a (-),COLO-684,UCEC,urogenital_system,4.317001368710479,0.9497981684169232,-0.05552165529560956
547,Nutlin-3a (-),COLO-668,SCLC,lung,5.649347393163231,0.987236236888667,0.690053073921443
548,Nutlin-3a (-),LN-405,GBM,nervous_system,6.040571452414158,0.9841597584407226,0.908980264520457
549,Nutlin-3a (-),TGBC24TKB,UNCLASSIFIED,digestive_system,5.57546967229055,0.9733827009322243,0.6487114398985204
550,Nutlin-3a (-),A388,UNCLASSIFIED,skin,3.934116917236477,0.9392900289299244,-0.26978203960260816
551,Nutlin-3a (-),BFTC-909,KIRC,kidney,4.359832642119635,0.9702688532021674,-0.03155347098915676
552,Nutlin-3a (-),C2BBe1,COREAD,digestive_system,6.192015341638005,0.9652805500937538,0.9937275708713165
553,Nutlin-3a (-),SCC-25,HNSC,aero_digestive_tract,4.643626243124729,0.9777313677120976,0.12725612752322168
554,Nutlin-3a (-),AsPC-1,PAAD,pancreas,7.957621817150109,0.961409118448457,1.9817528628929637
555,Nutlin-3a (-),CA46,UNCLASSIFIED,blood,4.977111904934102,0.9791131722446328,0.31387317552576194
556,Nutlin-3a (-),AU565,BRCA,breast,4.415954539002255,0.9735307992036568,-0.00014791469713176
557,Nutlin-3a (-),BALL-1,UNCLASSIFIED,blood,3.993390713896852,0.9891201194376298,-0.23661269463993048
558,Nutlin-3a (-),BL-41,UNCLASSIFIED,blood,3.5313011090628,0.9955810505255034,-0.495195919774461
559,Nutlin-3a (-),BV-173,LCML,blood,0.18297011225688709,0.6865742808169542,-2.3689066003748827
560,Nutlin-3a (-),IA-LM,UNCLASSIFIED,lung,5.185625148583659,0.97727770936,0.43055623106761537
561,Nutlin-3a (-),TGW,NB,nervous_system,4.370427308811447,0.974651126487301,-0.02562474406317874
562,Nutlin-3a (-),AN3-CA,UCEC,urogenital_system,4.164645168879999,0.9677129406926813,-0.14077948648087243
563,Nutlin-3a (-),A204,UNCLASSIFIED,soft_tissue,2.903448048482403,0.8804444029058691,-0.8465396150600752
564,Nutlin-3a (-),NY,UNCLASSIFIED,bone,4.899590257498876,0.9737846573019826,0.2704924168983491
565,Nutlin-3a (-),C3A,LIHC,digestive_system,3.0535464252455733,0.8651868533419564,-0.7625452513158029
566,Nutlin-3a (-),A427,UNCLASSIFIED,lung,2.2712692403658434,0.8896324435729884,-1.2003039788422687
567,Nutlin-3a (-),CAL-85-1,BRCA,breast,5.987767633395034,0.9874533804646372,0.8794314893942806
568,Nutlin-3a (-),CHL-1,SKCM,skin,5.688315032916825,0.9849694788634809,0.7118591865410585
569,Nutlin-3a (-),RL,DLBC,blood,4.961850931831352,0.9869347674431984,0.3053332049176423
570,Nutlin-3a (-),NCI-H146,SCLC,lung,4.409378275824106,0.9663431587939486,-0.00382796143297983
571,Nutlin-3a (-),NCI-H1651,LUAD,lung,5.291878232756523,0.9850663474734191,0.49001497001885613
572,Nutlin-3a (-),RPMI-7951,SKCM,skin,4.025350386116725,0.9665995671583005,-0.2187282085350652
573,Nutlin-3a (-),SCC-4,HNSC,aero_digestive_tract,5.2358589679549565,0.9750933506130895,0.4586668461690316
574,Nutlin-3a (-),SNU-C1,COREAD,digestive_system,6.513221512731656,0.9830119863543512,1.1734730721455522
575,Nutlin-3a (-),ST486,UNCLASSIFIED,blood,3.907249354930268,0.9744449332901782,-0.2848170043366395
576,Nutlin-3a (-),SW1990,PAAD,pancreas,5.185968094643701,0.9709074739656209,0.4307481421111122
577,Nutlin-3a (-),UACC-812,BRCA,breast,3.1519759725034944,0.900150057729975,-0.7074645277673355
578,Nutlin-3a (-),SCC-15,HNSC,aero_digestive_tract,5.695820303469105,0.9801160985881598,0.7160591015458834
579,Nutlin-3a (-),CAPAN-2,PAAD,pancreas,7.3280887053946975,0.977851515242063,1.6294690186693914
580,Nutlin-3a (-),CAL-27,HNSC,aero_digestive_tract,5.254702499053103,0.9773282895921502,0.46921159981271365
581,Nutlin-3a (-),BC-3,DLBC,blood,1.4493542923164076,0.8540369714316038,-1.660243816980869
582,Nutlin-3a (-),BC-1,DLBC,blood,-0.3059300561041483,0.6290016398198683,-2.6424928939878125
583,Nutlin-3a (-),A704,KIRC,kidney,4.256261467575319,0.9562294860519441,-0.08951142560330251
584,Nutlin-3a (-),A101D,SKCM,skin,2.3120717856530044,0.8563788772879213,-1.177471061495338
585,Nutlin-3a (-),769-P,KIRC,kidney,1.934120245839232,0.835374242203804,-1.3889710110445284
586,Nutlin-3a (-),23132-87,STAD,digestive_system,2.295089137069172,0.8748690736375182,-1.18697447381233
587,Nutlin-3a (-),A431,UNCLASSIFIED,skin,4.2639162328532825,0.9553646849764716,-0.08522785403511193
588,Nutlin-3a (-),BFTC-905,BLCA,urogenital_system,5.11808557025737,0.9851454175867603,0.3927613925663038
589,Nutlin-3a (-),CAL-51,BRCA,breast,2.671705389331057,0.8909130108452313,-0.976221745057628
590,Nutlin-3a (-),SCC-3,DLBC,blood,3.762567526060468,0.9839051092573968,-0.3657802927035157
591,Nutlin-3a (-),RERF-LC-MS,LUAD,lung,3.4203732092445724,0.9411400312146136,-0.5572706641364309
592,Nutlin-3a (-),GAK,SKCM,skin,4.047567864233727,0.9611898084678594,-0.20629540960224024
593,Nutlin-3a (-),AM-38,GBM,nervous_system,3.790311151476952,0.9464150777789636,-0.35025508706792213
594,Nutlin-3a (-),A4-Fuk,DLBC,blood,4.000780042541339,0.976079319315552,-0.23247766019535185
595,Nutlin-3a (-),A3-KAW,DLBC,blood,0.4047091962087413,0.7248849167126995,-2.2448224252131443
596,Nutlin-3a (-),DOK,HNSC,aero_digestive_tract,4.436569515948456,0.9540686115752136,0.01138813192468553
597,Nutlin-3a (-),COR-L279,SCLC,lung,5.576776739381071,0.9930752967334973,0.6494428686521608
598,Nutlin-3a (-),CHP-134,NB,nervous_system,0.7217248634694021,0.7461503935527573,-2.0674219106790077
599,Nutlin-3a (-),NEC8,UNCLASSIFIED,urogenital_system,0.5756354191528702,0.7479644024734291,-2.1491728941988524
600,Nutlin-3a (-),CAS-1,GBM,nervous_system,5.583041099002098,0.964449811265528,0.6529483755868807
601,Nutlin-3a (-),ALL-PO,ALL,blood,2.739960866485556,0.9464881422928627,-0.9380262928529738
602,Nutlin-3a (-),OCI-AML2,LAML,blood,0.1818638099109243,0.6969942830888163,-2.3695256820975623
603,Nutlin-3a (-),MFM-223,BRCA,breast,6.886905688395462,0.9791355860179856,1.3825850242735107
604,Nutlin-3a (-),CML-T1,LCML,blood,0.99122300911098,0.7951988966349458,-1.9166119834727864
605,Nutlin-3a (-),CAL-54,KIRC,kidney,1.0035043892698852,0.7359810589951676,-1.909739379420736
606,Nutlin-3a (-),EFO-21,OV,urogenital_system,9.012769368016633,0.980274173363061,2.5722085966761368
607,Nutlin-3a (-),LS-1034,COREAD,digestive_system,4.975720431483963,0.980036236076961,0.3130945133601088
608,Nutlin-3a (-),22RV1,PRAD,urogenital_system,2.7155720231145626,0.8594039070411407,-0.9516741778306876
609,Nutlin-3a (-),8505C,THCA,thyroid,5.655029215585024,0.9731501393720302,0.6932325957092065
610,Nutlin-3a (-),B-CPAP,THCA,thyroid,5.645562318245965,0.97892503882726,0.687934963344526
611,Nutlin-3a (-),BPH-1,UNCLASSIFIED,urogenital_system,6.460221191467308,0.9840609947443392,1.1438143352635068
612,Nutlin-3a (-),CAL-148,BRCA,breast,0.9824184471867893,0.768759395284004,-1.9215389759747523
613,Nutlin-3a (-),CAL-39,CESC,urogenital_system,4.295135829346837,0.9637511487917924,-0.06775751091496945
614,Nutlin-3a (-),CaR-1,COREAD,digestive_system,5.9732673188610415,0.9874625232029772,0.8713171798351822
615,Nutlin-3a (-),HDLM-2,UNCLASSIFIED,blood,4.50564474541763,0.9754261678065806,0.05004231376775342
616,Nutlin-3a (-),HO-1-N-1,HNSC,aero_digestive_tract,4.6741768694277255,0.9803296932578418,0.14435211799058095
617,Nutlin-3a (-),HTC-C3,THCA,thyroid,5.673661930411576,0.978750648965168,0.703659377533464
618,Nutlin-3a (-),KGN,UNCLASSIFIED,urogenital_system,1.3315381602790506,0.7811579733498698,-1.7261731845242838
619,Nutlin-3a (-),KLE,UCEC,urogenital_system,6.356038320652475,0.9641544398966968,1.0855140782197494
620,Nutlin-3a (-),KNS-81-FD,LGG,nervous_system,3.2713781859819475,0.8997635730369,-0.6406475963184051
621,Nutlin-3a (-),KP-N-RT-BM-1,NB,nervous_system,1.1924385873503347,0.7758639230970255,-1.8040126680496933
622,Nutlin-3a (-),K5,THCA,thyroid,2.071997458299299,0.8459237811905012,-1.3118155548353656
623,Nutlin-3a (-),L-363,MM,blood,3.9462044304747574,0.9890478704553568,-0.26301792259085777
624,Nutlin-3a (-),MDA-MB-415,BRCA,breast,4.467081660752974,0.9793324583761922,0.02846258832185482
625,Nutlin-3a (-),NCI-H250,SCLC,lung,6.104898936256529,0.9785256035701756,0.9449776296694163
626,Nutlin-3a (-),NCI-H1975,LUAD,lung,5.398047118394046,0.9729741973623873,0.5494265918555972
627,Nutlin-3a (-),SW954,UNCLASSIFIED,urogenital_system,4.0194941214424285,0.9663595766430948,-0.22200534740787017
628,Nutlin-3a (-),TE-441-T,UNCLASSIFIED,soft_tissue,0.8569567796012475,0.7352384130345638,-1.9917467501718733
629,Nutlin-3a (-),MKN7,STAD,digestive_system,6.719738603267924,0.9807050746993277,1.2890390895534662
630,Nutlin-3a (-),MDA-MB-157,BRCA,breast,4.947723210383534,0.9772041420204554,0.2974273967419941
631,Nutlin-3a (-),MMAc-SF,SKCM,skin,4.290027071741544,0.9544074073998734,-0.07061634825774389
632,Nutlin-3a (-),MKN45,STAD,digestive_system,2.2578037551206087,0.8374843227783899,-1.2078392026739424
633,Nutlin-3a (-),NCI-H810,UNCLASSIFIED,lung,5.380997768676612,0.9780658891275258,0.5398858538899297
634,Nutlin-3a (-),MFH-ino,UNCLASSIFIED,soft_tissue,4.011807984062302,0.9119156250925795,-0.2263064746606552
635,Nutlin-3a (-),NOS-1,UNCLASSIFIED,bone,4.61146634462644,0.9790801039593043,0.10925959571058108
636,Nutlin-3a (-),PANC-03-27,PAAD,pancreas,4.997584364188798,0.9708186156346557,0.32532946990056355
637,Nutlin-3a (-),PANC-08-13,PAAD,pancreas,5.870533601774263,0.9731351453756724,0.8138278625762541
638,Nutlin-3a (-),PANC-10-05,PAAD,pancreas,6.772722909587021,0.95026000414972,1.3186888645455443
639,Nutlin-3a (-),RL95-2,UNCLASSIFIED,urogenital_system,4.925680663778899,0.9773582070500397,0.28509248868178894
640,Nutlin-3a (-),RO82-W-1,THCA,thyroid,7.149441863014422,0.955537686671387,1.5294990644017952
641,Nutlin-3a (-),SiHa,CESC,urogenital_system,5.761697632955364,0.9864313277663757,0.7529237532143075
642,Nutlin-3a (-),SKG-IIIa,CESC,urogenital_system,6.58114204373771,0.9791740553800026,1.211481090020576
643,Nutlin-3a (-),TT,THCA,thyroid,5.498420598583024,0.9329838064917297,0.6055951313633489
644,Nutlin-3a (-),VMRC-MELG,SKCM,skin,1.9370651366413756,0.8137603454945364,-1.3873230636479177
645,Nutlin-3a (-),TE-9,ESCA,aero_digestive_tract,5.478191639155245,0.9871487059506515,0.5942750983757445
646,Nutlin-3a (-),TE-11,ESCA,aero_digestive_tract,4.637080359812702,0.9825498097131555,0.12359308122122596
647,Nutlin-3a (-),TE-6,ESCA,aero_digestive_tract,5.853606343290187,0.9768590011630952,0.804355446305236
648,Nutlin-3a (-),TE-12,ESCA,aero_digestive_tract,5.505672635953585,0.9636189204507294,0.6096533382402365
649,Nutlin-3a (-),TC-YIK,UNCLASSIFIED,urogenital_system,4.422890646220833,0.978850952879802,0.00373349911459646
650,Nutlin-3a (-),YT,ALL,blood,1.545061053575778,0.8469881010223619,-1.6066867519988155
651,Nutlin-3a (-),BT-474,BRCA,breast,6.48501527337591,0.9790495861289432,1.1576889898696814
652,Nutlin-3a (-),OAW-28,OV,urogenital_system,5.660511593994144,0.9835176598892988,0.6963005095415193
653,Nutlin-3a (-),LCLC-97TM1,UNCLASSIFIED,lung,5.7145812826362095,0.9902696334977344,0.7265576595072851
654,Nutlin-3a (-),KP-N-YS,NB,nervous_system,4.6681317952626955,0.985232379928066,0.1409693221920637
655,Nutlin-3a (-),D-245MG,GBM,nervous_system,2.584424545514238,0.8562441803143575,-1.025063705254334
656,Nutlin-3a (-),D-247MG,GBM,nervous_system,2.007932002929775,0.8168824197544327,-1.3476662900517815
657,Nutlin-3a (-),D-263MG,GBM,nervous_system,6.0162196558105405,0.9860493292423697,0.895353110743984
658,Nutlin-3a (-),D-336MG,LGG,nervous_system,5.414124512846478,0.9801460244665773,0.5584234281093862
659,Nutlin-3a (-),D-392MG,GBM,nervous_system,2.4790480817714657,0.8580110807174771,-1.0840318914303977
660,Nutlin-3a (-),D-423MG,GBM,nervous_system,4.762040320036142,0.9776847783586392,0.1935201022778109
661,Nutlin-3a (-),D-502MG,LGG,nervous_system,2.5962417372506885,0.8404534015002649,-1.0184508589161398
662,Nutlin-3a (-),D-566MG,GBM,nervous_system,4.139593147217716,0.9765961986527985,-0.15479848299108334
663,Nutlin-3a (-),CAMA-1,BRCA,breast,4.833316567017247,0.9803239682424758,0.2334059634334162
664,Nutlin-3a (-),CTB-1,DLBC,blood,1.8012948341127262,0.8145208495328349,-1.4632995027153086
665,Nutlin-3a (-),Caov-4,OV,urogenital_system,7.096080565170231,0.988485490577304,1.4996383266800053
666,Nutlin-3a (-),BT-483,BRCA,breast,6.776271096903976,0.9514872789197274,1.32067441390697
667,Nutlin-3a (-),M059J,GBM,nervous_system,6.0770026479139085,0.9818606723051196,0.9293669945600026
668,Nutlin-3a (-),HAL-01,ALL,blood,0.8861345013212587,0.7767918663502607,-1.9754190308172088
669,Nutlin-3a (-),OMC-1,CESC,urogenital_system,5.542240709890855,0.9794016073482462,0.6301166648261121
670,Nutlin-3a (-),ES8,UNCLASSIFIED,bone,3.79771490882202,0.9761106387876392,-0.34611197838862456
671,Nutlin-3a (-),ES4,UNCLASSIFIED,bone,3.5663873794215366,0.9281217656659468,-0.47556180368011086
672,Nutlin-3a (-),ES6,UNCLASSIFIED,bone,5.637836425695592,0.9678561646824068,0.6836115892806672
673,Nutlin-3a (-),ES1,UNCLASSIFIED,bone,4.5717366212279655,0.9811928981162767,0.08702702457587683
674,Nutlin-3a (-),EW-7,UNCLASSIFIED,bone,2.1654674767351705,0.8857964998435873,-1.2595101608864765
675,Nutlin-3a (-),EW-3,UNCLASSIFIED,bone,3.974177996463472,0.9485154441098675,-0.24736404326484887
676,Nutlin-3a (-),EW-12,UNCLASSIFIED,bone,3.8734765495340175,0.9728376023000184,-0.30371611145751787
677,Nutlin-3a (-),EW-1,UNCLASSIFIED,bone,4.302018551362641,0.9783011014008324,-0.06390597121805167
678,Nutlin-3a (-),EW-18,UNCLASSIFIED,bone,5.260864660008683,0.9817540163403966,0.47265991684262015
679,Nutlin-3a (-),EW-16,UNCLASSIFIED,bone,4.457647221669734,0.9612562910303752,0.02318311944837575
680,Nutlin-3a (-),EW-13,UNCLASSIFIED,bone,5.366679376219772,0.9878987257328995,0.5318733470914675
681,Nutlin-3a (-),EW-22,UNCLASSIFIED,bone,4.5861794211517175,0.9728374796053072,0.09510914922267072
682,Nutlin-3a (-),EW-24,UNCLASSIFIED,bone,6.505916827449231,0.9845971527920218,1.169385403738468
683,Nutlin-3a (-),LAN-6,NB,nervous_system,1.612313524137306,0.8107636984519867,-1.5690525776868651
684,Nutlin-3a (-),NB10,NB,nervous_system,1.4502123611829618,0.8173056468917088,-1.6597636455756264
685,Nutlin-3a (-),NB12,NB,nervous_system,2.030289069420657,0.8444028202091695,-1.3351553781046597
686,Nutlin-3a (-),NB6,NB,nervous_system,5.39753135557378,0.9840622547725858,0.5491379733450885
687,Nutlin-3a (-),NB7,NB,nervous_system,4.895686985487316,0.9731005898876296,0.2683081637691556
688,Nutlin-3a (-),NB17,NB,nervous_system,0.8093738039531351,0.7550234155421195,-2.0183739652744626
689,Nutlin-3a (-),NB5,NB,nervous_system,3.6729506172442794,0.9308937616302222,-0.4159295041678151
690,Nutlin-3a (-),NB13,NB,nervous_system,4.903762594681842,0.986014556217281,0.2728272376643506
691,Nutlin-3a (-),NB14,NB,nervous_system,3.725783707154108,0.9721939898684365,-0.3863643491853469
692,Nutlin-3a (-),NB1,NB,nervous_system,3.8966777742525993,0.9386654155580115,-0.2907328124349048
693,Nutlin-3a (-),RH-1,UNCLASSIFIED,soft_tissue,3.3942723843659968,0.9734725083470611,-0.5718765661198728
694,Nutlin-3a (-),MZ2-MEL,SKCM,skin,1.1417847900545093,0.768485991193717,-1.8323583008729405
695,Nutlin-3a (-),Jurkat,ALL,blood,3.596733072875828,0.9751061051577645,-0.4585804926956915
696,Nutlin-3a (-),LS-180,COREAD,digestive_system,1.58338484958709,0.7942948548238066,-1.5852409313866818
697,Nutlin-3a (-),BICR22,HNSC,aero_digestive_tract,5.590173271616624,0.9897675210936177,0.6569395066956243
698,Nutlin-3a (-),BICR78,HNSC,aero_digestive_tract,6.365036558912413,0.9824509286015064,1.090549451111592
699,Nutlin-3a (-),CCK-81,COREAD,digestive_system,3.2806023011459176,0.9368366450475074,-0.6354858237462472
700,Nutlin-3a (-),COLO-783,SKCM,skin,5.048832504687281,0.9754545436878483,0.35400769445617686
701,Nutlin-3a (-),EN,UCEC,urogenital_system,5.689378227766345,0.9762357737826659,0.712454145506288
702,Nutlin-3a (-),ES-2,UNCLASSIFIED,urogenital_system,5.047327509543091,0.9740972057058876,0.35316550607079567
703,Nutlin-3a (-),FU-OV-1,OV,urogenital_system,6.009166740337552,0.971392604223752,0.8914063315684131
704,Nutlin-3a (-),G-MEL,SKCM,skin,1.1243184940417732,0.796838413422782,-1.8421323600746176
705,Nutlin-3a (-),NCI-H2591,MESO,lung,4.987548121930456,0.9459484052638822,0.3197132347283279
706,Nutlin-3a (-),NCI-H2595,MESO,lung,6.092121299312064,0.9854072050592686,0.9378273225944832
707,Nutlin-3a (-),NCI-H2731,MESO,lung,5.616325975876781,0.9748040055994155,0.6715744401432393
708,Nutlin-3a (-),NCI-H2803,MESO,lung,3.384288917110206,0.9233675758192832,-0.577463268642546
709,Nutlin-3a (-),NCI-H2804,MESO,lung,5.824561149200278,0.9691343898073187,0.7881018888050101
710,Nutlin-3a (-),NCI-H2810,MESO,lung,3.4543144154071688,0.9311183910445084,-0.5382773207184759
711,Nutlin-3a (-),NCI-H2869,MESO,lung,3.311413625586088,0.9027890099381862,-0.6182439477960904
712,Nutlin-3a (-),NCI-H290,MESO,lung,2.1699104798594946,0.8622910361225523,-1.2570238767001374
713,Nutlin-3a (-),NCI-H3118,UNCLASSIFIED,aero_digestive_tract,5.627727044198191,0.9782626911915504,0.6779544257254472
714,Nutlin-3a (-),NCI-H513,MESO,lung,7.477115416052138,0.984027726532676,1.712863682972283
715,Nutlin-3a (-),HARA,LUSC,lung,3.7445216238367456,0.945243128469991,-0.3758786968845582
716,Nutlin-3a (-),HCC-15,LUSC,lung,5.484605296928842,0.9802847319871005,0.5978641518724173
717,Nutlin-3a (-),HCC-366,UNCLASSIFIED,lung,5.8568485253955,0.9758120384175412,0.8061697565526316
718,Nutlin-3a (-),HCC-44,LUAD,lung,5.164955713470831,0.9783522344116056,0.4189897099053324
719,Nutlin-3a (-),HCC-827,LUAD,lung,6.186501040630259,0.9711155870129136,0.9906417932991123
720,Nutlin-3a (-),Hep3B2-1-7,LIHC,digestive_system,3.828049336060916,0.9687097349726573,-0.3291369719267082
721,Nutlin-3a (-),Hs-633T,UNCLASSIFIED,soft_tissue,1.7875355804159705,0.8557583733108372,-1.470999118026129
722,Nutlin-3a (-),Hs-683,LGG,nervous_system,3.2094057366366173,0.93201247941088,-0.6753270949558108
723,Nutlin-3a (-),Hs-746T,STAD,digestive_system,6.371060846708003,0.9783690639340864,1.0939206149530327
724,Nutlin-3a (-),IGR-37,SKCM,skin,5.5863649730231755,0.9890383305179465,0.654808400255948
725,Nutlin-3a (-),IHH-4,THCA,thyroid,2.365267273614448,0.8877284016140472,-1.1477031102240365
726,Nutlin-3a (-),IM-95,STAD,digestive_system,4.354935072363787,0.964262905502651,-0.034294128579243
727,Nutlin-3a (-),JHH-2,LIHC,digestive_system,4.6726867570951,0.9596530298826208,0.14351825795834458
728,Nutlin-3a (-),JHH-4,LIHC,digestive_system,5.487864642124312,0.971899985090488,0.5996880665064072
729,Nutlin-3a (-),JHH-6,LIHC,digestive_system,7.075004062345596,0.9834405265482429,1.4878440122917636
730,Nutlin-3a (-),JHH-7,LIHC,digestive_system,6.2815259274077055,0.9803201282337488,1.0438172844460734
731,Nutlin-3a (-),JHU-011,HNSC,aero_digestive_tract,4.55760724441715,0.9737807399419453,0.07912029006668149
732,Nutlin-3a (-),JHU-022,HNSC,aero_digestive_tract,6.996777770741133,0.9763076316239082,1.44406893801659
733,Nutlin-3a (-),KYM-1,UNCLASSIFIED,soft_tissue,0.7537919140371091,0.7491646860367067,-2.049477336142804
734,Nutlin-3a (-),KYSE-220,ESCA,aero_digestive_tract,5.982507081743824,0.98747618561503,0.8764877087990752
735,Nutlin-3a (-),LN-18,GBM,nervous_system,5.231208661481558,0.9826173683335537,0.4560645559786102
736,Nutlin-3a (-),LN-229,GBM,nervous_system,6.017112326944071,0.9848132573899021,0.8958526454192457
737,Nutlin-3a (-),LNZTA3WT4,GBM,nervous_system,4.077717401748953,0.954111661990112,-0.1894238665823503
738,Nutlin-3a (-),MDA-MB-436,BRCA,breast,6.896531174632592,0.9890428563500016,1.3879714022587477
739,Nutlin-3a (-),MDST8,COREAD,digestive_system,2.2117043474782734,0.8704961369095376,-1.2336362199196074
740,Nutlin-3a (-),MFE-319,UCEC,urogenital_system,4.3347684902572166,0.9647414813603098,-0.04557925550377119
741,Nutlin-3a (-),ML-1,THCA,thyroid,5.959356481569992,0.9637467891079925,0.8635327390396947
742,Nutlin-3a (-),MS751,CESC,urogenital_system,5.180995775307741,0.989884022234743,0.42796565499856826
743,Nutlin-3a (-),NB(TU)1-10,NB,nervous_system,3.794751724496863,0.9575359218139374,-0.34777016275687583
744,Nutlin-3a (-),NCI-H1836,SCLC,lung,6.9937036170854,0.9867915080441149,1.4423486557195144
745,Nutlin-3a (-),NCI-H1869,LUSC,lung,6.148478162181617,0.9797402201212608,0.9693643647759607
746,Nutlin-3a (-),NCI-H1915,UNCLASSIFIED,lung,6.063769322871361,0.972775705652208,0.9219616865137756
747,Nutlin-3a (-),NCI-H1944,LUAD,lung,3.0562937153936787,0.8861301037533087,-0.7610078803395988
748,Nutlin-3a (-),NCI-H196,SCLC,lung,5.178040826627107,0.9835058998919533,0.42631207925924886
749,Nutlin-3a (-),NCI-H2023,LUAD,lung,5.198497747868588,0.963544524503648,0.43775967863306486
750,Nutlin-3a (-),NCI-H211,SCLC,lung,4.474413913222586,0.983091136774568,0.03256568320054967
751,Nutlin-3a (-),NCI-H3122,LUAD,lung,5.616383620784918,0.9749719225938096,0.6716066979696492
752,Nutlin-3a (-),NCI-H647,UNCLASSIFIED,lung,5.014931449933758,0.968561086212494,0.3350368195827271
753,Nutlin-3a (-),NCI-H841,SCLC,lung,4.977569303695144,0.9736779526302553,0.31412913377620827
754,Nutlin-3a (-),NCI-H847,SCLC,lung,4.18134018380647,0.9858841948984384,-0.1314370326403313
755,Nutlin-3a (-),OSC-20,HNSC,aero_digestive_tract,6.0460441483143175,0.9809702638364973,0.9120427600651296
756,Nutlin-3a (-),OV-90,OV,urogenital_system,7.258981687517705,0.9802401937123384,1.5907970481789937
757,Nutlin-3a (-),OVISE,OV,urogenital_system,3.7370013555849098,0.9291922923739026,-0.38008700453332017
758,Nutlin-3a (-),OVKATE,OV,urogenital_system,8.498885856402312,0.9772758058352634,2.284641738675924
759,Nutlin-3a (-),OVMIU,OV,urogenital_system,3.578120738416728,0.8861427356802125,-0.46899586975972446
760,Nutlin-3a (-),PA-TU-8988T,PAAD,pancreas,5.1645608038525594,0.9800850329402222,0.41876872029279566
761,Nutlin-3a (-),PC-3_[JPC-3],LUAD,lung,6.273256794061656,0.9758915556170915,1.0391899153225963
762,Nutlin-3a (-),PCI-15A,HNSC,aero_digestive_tract,3.9091382146030407,0.968203900820647,-0.28376000712029326
763,Nutlin-3a (-),PCI-6A,HNSC,aero_digestive_tract,4.3388665357327865,0.9688643261594359,-0.04328600803675362
764,Nutlin-3a (-),PE-CA-PJ15,HNSC,aero_digestive_tract,4.635062878349774,0.9680287930926524,0.12246410784057492
765,Nutlin-3a (-),RERF-GC-1B,STAD,digestive_system,5.007333604944787,0.97621500056276,0.33078510034739417
766,Nutlin-3a (-),RH-41,UNCLASSIFIED,soft_tissue,3.702875102628005,0.9687796064373969,-0.3991838992893113
767,Nutlin-3a (-),SISO,CESC,urogenital_system,5.486502868030568,0.984633587652901,0.598926023964482
768,Nutlin-3a (-),SKN,UNCLASSIFIED,urogenital_system,5.733581253625883,0.9739442337702208,0.7371899561973102
769,Nutlin-3a (-),SNU-398,LIHC,digestive_system,4.951336301488568,0.9726409690887052,0.2994492659657785
770,Nutlin-3a (-),SU8686,PAAD,pancreas,6.719751665577961,0.9803537938728735,1.2890463991622991
771,Nutlin-3a (-),SUIT-2,PAAD,pancreas,6.243443388978712,0.9754688146829512,1.0225064704713347
772,Nutlin-3a (-),SW156,KIRC,kidney,2.126179521281963,0.837006810381696,-1.2814955207036067
773,Nutlin-3a (-),TC-71,UNCLASSIFIED,bone,4.372904673475019,0.9834979980968922,-0.02423842215106638
774,Nutlin-3a (-),TOV-21G,OV,urogenital_system,2.6756226575645736,0.869438865060092,-0.9740296597067717
775,Nutlin-3a (-),TT2609-C02,THCA,thyroid,7.053147007665143,0.9749827218146604,1.4756129046622315
776,Nutlin-3a (-),VMRC-RCW,KIRC,kidney,5.980977147661504,0.9640755495926634,0.8756315646982102
777,Nutlin-3a (-),WM278,SKCM,skin,3.28245177077491,0.8897980034645501,-0.634450869017878
778,Nutlin-3a (-),SUP-B15,ALL,blood,-0.5122633383780753,0.6029495251797492,-2.757956053134503
779,Nutlin-3a (-),H3255,LUAD,lung,5.875182571905152,0.9584273187740067,0.8164294049555315
780,Nutlin-3a (-),451Lu,SKCM,skin,5.398396584702001,0.9832413568217059,0.5496221515999443
781,Nutlin-3a (-),OCI-AML3,LAML,blood,1.2279906220508785,0.8018830221911841,-1.7841179123642394
782,Nutlin-3a (-),ASH-3,THCA,thyroid,5.827837121240491,0.9889356087831576,0.7899351077451181
783,Nutlin-3a (-),BICR10,HNSC,aero_digestive_tract,6.0416291595537945,0.9808036860624784,0.9095721525883856
784,Nutlin-3a (-),BICR31,HNSC,aero_digestive_tract,3.27174284407392,0.9527597310790704,-0.6404435353213447
785,Nutlin-3a (-),CAL-29,BLCA,urogenital_system,5.680529958125097,0.989253682366848,0.7075026943661672
786,Nutlin-3a (-),CAL-78,UNCLASSIFIED,bone,5.456823890805933,0.9819895468076797,0.5823178043266554
787,Nutlin-3a (-),CHSA0011,UNCLASSIFIED,bone,2.389626089553238,0.8405258025754844,-1.1340720284597694
788,Nutlin-3a (-),CHSA0108,UNCLASSIFIED,bone,6.417190702254199,0.977978439801112,1.1197346707061568
789,Nutlin-3a (-),CL-11,COREAD,digestive_system,6.159508004251613,0.9624383918732791,0.975536613849186
790,Nutlin-3a (-),CS1,UNCLASSIFIED,bone,5.455709715550699,0.9689754375890276,0.581694316960029
791,Nutlin-3a (-),DAN-G,PAAD,pancreas,5.478388318150575,0.9824730114296452,0.5943851590401624
792,Nutlin-3a (-),EFM-192A,BRCA,breast,5.6090280318662975,0.9819278730553364,0.6674905441210393
793,Nutlin-3a (-),FU97,STAD,digestive_system,3.355106775305211,0.9000240153006568,-0.5937934614565109
794,Nutlin-3a (-),G-292-Clone-A141B1,UNCLASSIFIED,bone,5.704752329947163,0.9716974296134541,0.7210574226280302
795,Nutlin-3a (-),NCI-H2369,MESO,lung,4.9973279814346885,0.976442431214079,0.3251859992863516
796,Nutlin-3a (-),NCI-H2373,MESO,lung,2.9048139409128813,0.8702275152852835,-0.8457752679157877
797,Nutlin-3a (-),NCI-H2461,MESO,lung,3.7685015548256087,0.894040124773486,-0.36245963740186177
798,Nutlin-3a (-),NCI-H2722,MESO,lung,3.6578462094339312,0.8583136186384541,-0.424381861555836
799,Nutlin-3a (-),NCI-H2795,MESO,lung,2.060007320924337,0.8482446223962636,-1.3185251807602707
800,Nutlin-3a (-),NCI-H2818,MESO,lung,3.943057284117274,0.9378937730840627,-0.26477905126931106
801,Nutlin-3a (-),HCC1428,BRCA,breast,7.6010987437200175,0.985051977457798,1.7822441849266288
802,Nutlin-3a (-),HCC202,BRCA,breast,5.115120478004635,0.9901859407619901,0.3911021405305235
803,Nutlin-3a (-),HCC-78,LUAD,lung,4.825846637264315,0.9589045070655469,0.2292258249779424
804,Nutlin-3a (-),HDQ-P1,BRCA,breast,5.99646875901002,0.98470648322448,0.8843005994116588
805,Nutlin-3a (-),ALL-SIL,ALL,blood,4.020164803248433,0.9845155065321456,-0.2216300369429267
806,Nutlin-3a (-),AMO-1,MM,blood,0.6320165485226378,0.7483709297143416,-2.1176222725950677
807,Nutlin-3a (-),COR-L303,SCLC,lung,5.047675410937016,0.9889508665884472,0.35336019009642333
808,Nutlin-3a (-),COR-L95,SCLC,lung,5.526524157347843,0.9772592181568752,0.6213217540511169
809,Nutlin-3a (-),DND-41,ALL,blood,3.895066796758917,0.988930239766587,-0.2916343080573501
810,Nutlin-3a (-),EJM,MM,blood,4.517778711155406,0.9870224429937747,0.05683242538533225
811,Nutlin-3a (-),Farage,DLBC,blood,1.3907316046627507,0.8351167264390685,-1.6930488043273832
812,Nutlin-3a (-),HeLa,CESC,urogenital_system,4.048735171452075,0.979024312660232,-0.20564218983255567
813,Nutlin-3a (-),HPAC,PAAD,pancreas,7.199574399289417,0.9772425029897037,1.5575530019466952
814,Nutlin-3a (-),Hs-766T,PAAD,pancreas,7.473411497343362,0.9717358832987725,1.7107909870377027
815,Nutlin-3a (-),Hs-939-T,SKCM,skin,2.629506580205267,0.8698005689169506,-0.9998360052496573
816,Nutlin-3a (-),Hs-940-T,SKCM,skin,5.363927214617124,0.9713909084520436,0.5303332500716278
817,Nutlin-3a (-),huH-1,LIHC,digestive_system,6.104673512188892,0.9784504075865756,0.9448514833942728
818,Nutlin-3a (-),JHH-1,LIHC,digestive_system,5.549989745947145,0.9773272785676608,0.6344529898898166
819,Nutlin-3a (-),JHU-029,HNSC,aero_digestive_tract,4.462678313511224,0.967660884530352,0.02599849538566318
820,Nutlin-3a (-),JIMT-1,BRCA,breast,6.099855822070204,0.992474087697716,0.9421555260830567
821,Nutlin-3a (-),K2,SKCM,skin,3.066299253482728,0.8961096212282023,-0.7554088270797836
822,Nutlin-3a (-),KMH-2,THCA,thyroid,4.150486015645071,0.9768382082044755,-0.14870288374053728
823,Nutlin-3a (-),KMRC-1,KIRC,kidney,4.048669576081276,0.9428940434322017,-0.20567889670143497
824,Nutlin-3a (-),KMRC-20,KIRC,kidney,6.058535215772513,0.9846473087528717,0.9190327041688777
825,Nutlin-3a (-),KON,HNSC,aero_digestive_tract,4.647330775361094,0.9819029377871704,0.12932916678502926
826,Nutlin-3a (-),KP-1N,PAAD,pancreas,5.279668772370662,0.9772405292547306,0.4831826119421967
827,Nutlin-3a (-),KP-2,PAAD,pancreas,6.320949005983709,0.9825109562894826,1.0658782585434587
828,Nutlin-3a (-),KP-3,UNCLASSIFIED,pancreas,5.899384896860907,0.9901135628713138,0.8299729150828813
829,Nutlin-3a (-),KYSE-50,ESCA,aero_digestive_tract,4.881304563128767,0.9810131295515286,0.26025982613114207
830,Nutlin-3a (-),LC-1-sq,LUSC,lung,6.162543921794336,0.9869540515885917,0.9772354993926547
831,Nutlin-3a (-),LOU-NH91,LUSC,lung,6.301919274971506,0.9852063816775085,1.055229308281214
832,Nutlin-3a (-),NCI-H1435,LUAD,lung,4.959895463736154,0.992950786633501,0.30423893393336965
833,Nutlin-3a (-),NCI-H1568,LUAD,lung,6.630819620976841,0.978432080150152,1.239280434574059
834,Nutlin-3a (-),NCI-H1688,SCLC,lung,4.1159387371264335,0.9781375344638988,-0.1680353824713372
835,Nutlin-3a (-),NCI-H1781,LUAD,lung,5.3280304726456285,0.9732843197694416,0.5102455977771225
836,Nutlin-3a (-),NCI-H2110,UNCLASSIFIED,lung,3.894744672596224,0.9614509412512883,-0.2918145672625168
837,Nutlin-3a (-),NCI-H2135,UNCLASSIFIED,lung,7.50404296103812,0.9753125290749695,1.7279322137390185
838,Nutlin-3a (-),NCI-H2172,UNCLASSIFIED,lung,4.50426396055564,0.9703214970180408,0.04926963288704311
839,Nutlin-3a (-),NCI-H2444,UNCLASSIFIED,lung,6.701290711510689,0.9847143484455159,1.278715733871765
840,Nutlin-3a (-),NUGC-4,STAD,digestive_system,5.279488429725731,0.9438863603069726,0.48308169302459375
841,Nutlin-3a (-),OCUM-1,STAD,digestive_system,0.8577591163305176,0.7195047919938705,-1.9912977662152376
842,Nutlin-3a (-),OE21,ESCA,aero_digestive_tract,5.663496186094484,0.9792436809448368,0.6979706736026523
843,Nutlin-3a (-),OSC-19,HNSC,aero_digestive_tract,5.468487092524755,0.985312004146571,0.5888444785567122
844,Nutlin-3a (-),OVTOKO,OV,urogenital_system,3.3716669542005526,0.9016569101580169,-0.5845264612410438
845,Nutlin-3a (-),PANC-02-03,PAAD,pancreas,6.193553051428391,0.9646201866124514,0.9945880662227794
846,Nutlin-3a (-),PANC-04-03,PAAD,pancreas,8.989778486119539,0.9688901862572442,2.559343004532441
847,Nutlin-3a (-),PA-TU-8902,PAAD,pancreas,7.464668438247949,0.9794764408024024,1.7058984112368556
848,Nutlin-3a (-),PCI-30,HNSC,aero_digestive_tract,5.62120158334477,0.9681762717505868,0.6743028077376919
849,Nutlin-3a (-),PCI-4B,HNSC,aero_digestive_tract,4.179640118477068,0.9605240137409683,-0.13238838140736106
850,Nutlin-3a (-),PL4,PAAD,pancreas,5.931038421371789,0.980962594627797,0.8476860823328528
851,Nutlin-3a (-),QGP-1,UNCLASSIFIED,pancreas,5.595432229492913,0.96169593579916,0.6598823954216891
852,Nutlin-3a (-),RERF-LC-KJ,LUAD,lung,4.858045190694972,0.9764087794078479,0.24724398791358365
853,Nutlin-3a (-),RERF-LC-Sq1,LUSC,lung,4.7291478689378605,0.9652836024633422,0.17511363738746125
854,Nutlin-3a (-),RKN,UNCLASSIFIED,urogenital_system,5.546902772641195,0.9697329698335988,0.6327255337752313
855,Nutlin-3a (-),SAT,HNSC,aero_digestive_tract,6.2744956939200565,0.9823926101538328,1.039883198005549
856,Nutlin-3a (-),SCC90,HNSC,aero_digestive_tract,5.890906205902065,0.9759299893837424,0.8252282784796766
857,Nutlin-3a (-),SKN-3,HNSC,aero_digestive_tract,5.207880373485533,0.9779975467183543,0.4430101529282629
858,Nutlin-3a (-),STS-0421,UNCLASSIFIED,soft_tissue,1.6261736959498283,0.8173959497938716,-1.561296489060964
859,Nutlin-3a (-),SW1271,SCLC,lung,7.2536175901610065,0.9707569375467606,1.5877953238815403
860,Nutlin-3a (-),T-T,ESCA,aero_digestive_tract,4.716840462573044,0.9796921950224908,0.16822646918985948
861,Nutlin-3a (-),TMK-1,STAD,digestive_system,5.471193003230809,0.982944383254074,0.590358693786784
862,Nutlin-3a (-),TOV-112D,OV,urogenital_system,4.87497197125189,0.984182773500241,0.25671613673875326
863,Nutlin-3a (-),VCaP,PRAD,urogenital_system,5.444622092322546,0.9698961178108592,0.5754897338155065
864,Nutlin-3a (-),WM1552C,SKCM,skin,4.052885383245275,0.9467484029659763,-0.20331975033326768
865,Nutlin-3a (-),WM35,SKCM,skin,3.89779712827318,0.9455829267263107,-0.29010642705492423
866,Nutlin-3a (-),WM793B,SKCM,skin,2.6918198117517624,0.889255944170888,-0.9649658064542653
867,Nutlin-3a (-),GA-10,UNCLASSIFIED,blood,4.2809464519075515,0.978803933616992,-0.07569782150087717
868,Nutlin-3a (-),GRANTA-519,DLBC,blood,2.1529415509538747,0.8624828559053128,-1.266519611548078
869,Nutlin-3a (-),HCC1500,BRCA,breast,2.4542488067945416,0.8972695859176147,-1.0979094520538053
870,Nutlin-3a (-),HCC-33,SCLC,lung,5.321679970441475,0.9889993938238636,0.506691885847672
871,Nutlin-3a (-),YMB-1-E,BRCA,breast,3.0405842868513493,0.9035321274431992,-0.7697988045564611
872,Nutlin-3a (-),CHSA8926,UNCLASSIFIED,bone,2.127667068795427,0.8463590640919929,-1.2806630959324186
873,Nutlin-3a (-),COR-L32,SCLC,lung,4.725948872692404,0.9783265713964442,0.1733234937493229
874,Nutlin-3a (-),COR-L321,UNCLASSIFIED,lung,4.897403446161311,0.986771397340068,0.26926868729588066
875,Nutlin-3a (-),Hs-445,UNCLASSIFIED,blood,0.37356691101457895,0.7075330262266557,-2.2622495052844607
876,Nutlin-3a (-),HSC-39,STAD,digestive_system,3.3497872822378225,0.9774475094670205,-0.5967702253980846
877,Nutlin-3a (-),NB4,LAML,blood,3.98445956348993,0.9920408763138185,-0.24161052547668507
878,Nutlin-3a (-),JEKO-1,DLBC,blood,3.771658766950512,0.9755436263377149,-0.3606928759660914
879,Nutlin-3a (-),JJN-3,MM,blood,4.191739254392971,0.9891846885704174,-0.12561776039847966
880,Nutlin-3a (-),JM1,DLBC,blood,1.989360417665485,0.9138990067172733,-1.3580588640531497
881,Nutlin-3a (-),JSC-1,DLBC,blood,0.7876508809575697,0.7614407205339117,-2.0305300134278497
882,Nutlin-3a (-),JURL-MK1,LCML,blood,3.743463653107544,0.9766908601391696,-0.3764707324559996
883,Nutlin-3a (-),KARPAS-1106P,DLBC,blood,0.7400956409087728,0.7584181418001597,-2.0571417078161724
884,Nutlin-3a (-),KARPAS-231,UNCLASSIFIED,blood,4.708999876506014,0.9932079576158312,0.16383891315971316
885,Nutlin-3a (-),KARPAS-620,MM,blood,4.383935787603408,0.97824385541745,-0.01806546123979373
886,Nutlin-3a (-),KCL-22,LCML,blood,3.7769081501787927,0.9724762625732128,-0.35775534516917257
887,Nutlin-3a (-),KOPN-8,UNCLASSIFIED,blood,1.924483487183952,0.8725958042251531,-1.3943636970233018
888,Nutlin-3a (-),L-1236,UNCLASSIFIED,blood,4.113691028399411,0.9734448980328444,-0.16929318997385662
889,Nutlin-3a (-),MDA-MB-330,BRCA,breast,6.2092015625966335,0.9799282936394575,1.0033449013562838
890,Nutlin-3a (-),ME-1,LAML,blood,4.772682304413599,0.9856790418424147,0.1994753079638213
891,Nutlin-3a (-),MOLM-13,LAML,blood,-0.8677217867234688,0.5544845315909099,-2.956868971782559
892,Nutlin-3a (-),MOLM-16,LAML,blood,4.593696564378832,0.9900371832416927,0.09931570812192048
893,Nutlin-3a (-),MOLP-8,MM,blood,1.4108137565964982,0.8283071842726518,-1.681810924140628
894,Nutlin-3a (-),MY-M12,ALL,blood,0.8498428497303989,0.7724856472897567,-1.9957276727248607
895,Nutlin-3a (-),NCI-H1341,SCLC,lung,5.548047023347551,0.9888165381103987,0.6333658512264718
896,Nutlin-3a (-),NCI-H1876,SCLC,lung,5.015357222904667,0.9836590983986816,0.3352750801859544
897,Nutlin-3a (-),NCI-H2066,SCLC,lung,5.422845828318679,0.9509044338983793,0.5633038362783327
898,Nutlin-3a (-),NCI-H660,OTHER,urogenital_system,4.9311276648647295,0.9925698746148934,0.28814060552612125
899,Nutlin-3a (-),NK-92MI,UNCLASSIFIED,blood,3.697977864251973,0.9902780748364266,-0.40192437144077137
900,Nutlin-3a (-),NU-DUL-1,DLBC,blood,2.6687857352332127,0.940259696063046,-0.9778555701101713
901,Nutlin-3a (-),OCI-AML5,LAML,blood,0.3850939502595239,0.7112284946420573,-2.2557990269507604
902,Nutlin-3a (-),OCI-LY-19,DLBC,blood,-0.4638457375161364,0.595300386730861,-2.730861785587297
903,Nutlin-3a (-),OCI-M1,LAML,blood,4.1841152475592525,0.9879362008591329,-0.1298841196822345
904,Nutlin-3a (-),P32-ISH,UNCLASSIFIED,blood,3.2591385156611064,0.9871308230068917,-0.6474968597362288
905,Nutlin-3a (-),PL-21,LAML,blood,2.9244400258153047,0.930393711801734,-0.8347926007496318
906,Nutlin-3a (-),PWR-1E,PRAD,urogenital_system,4.690440606041432,0.9792493505916688,0.15345323046382314
907,Nutlin-3a (-),RCH-ACV,UNCLASSIFIED,blood,0.3252435634893534,0.7049595761046812,-2.2892910290964
908,Nutlin-3a (-),RC-K8,DLBC,blood,1.0478099781296095,0.7665836643822611,-1.8849461749448495
909,Nutlin-3a (-),ROS-50,UNCLASSIFIED,blood,4.389061008843349,0.953096781181142,-0.01519741092252292
910,Nutlin-3a (-),SLVL,DLBC,blood,1.7271342760854087,0.8419717820741488,-1.5047994111137393
911,Nutlin-3a (-),SU-DHL-10,DLBC,blood,3.1973463782884064,0.9790420642608204,-0.6820754566201103
912,Nutlin-3a (-),SU-DHL-16,DLBC,blood,3.411920139480576,0.9855964657998819,-0.5620009632364213
913,Nutlin-3a (-),SU-DHL-4,DLBC,blood,4.152100784937132,0.9900494334527633,-0.14779926624509646
914,Nutlin-3a (-),SU-DHL-5,DLBC,blood,0.7832927446420166,0.7834403351552589,-2.03296880653694
915,Nutlin-3a (-),SU-DHL-6,DLBC,blood,2.7285751685562767,0.9573448501319584,-0.9443976772341869
916,Nutlin-3a (-),SU-DHL-8,DLBC,blood,4.409339532883611,0.9968534131841212,-0.00384964180492455
917,Nutlin-3a (-),SUP-HD1,UNCLASSIFIED,blood,1.312374357180598,0.781157016089807,-1.7368971609115489
918,Nutlin-3a (-),SUP-M2,UNCLASSIFIED,blood,0.3918282125072573,0.7295454640329091,-2.2520305646596728
919,Nutlin-3a (-),TK,DLBC,blood,4.719527249663141,0.9941601957672749,0.1697299829320839
920,Nutlin-3a (-),VAL,DLBC,blood,0.735782197705712,0.7451016724767536,-2.0595554908643385
921,Nutlin-3a (-),WIL2-NS,UNCLASSIFIED,blood,3.421996634462018,0.9631008036413536,-0.5563622028248145
922,Nutlin-3a (-),WSU-DLCL2,DLBC,blood,3.294985405832697,0.9715377591974896,-0.6274371042804833
923,Nutlin-3a (-),NCI-H740,,lung,5.496803584262916,0.9725254204388195,0.6046902575605023
924,Nutlin-3a (-),DOV13,OV,urogenital_system,2.241127935748736,0.8839756328935544,-1.2171709147701029
925,Nutlin-3a (-),Hey,OV,urogenital_system,2.7146587283165733,0.8675661146218236,-0.952185253414064
926,Nutlin-3a (-),JHOS-2,OV,urogenital_system,4.6508079444976245,0.961706740362184,0.13127497469816177
927,Nutlin-3a (-),JHOS-3,OV,urogenital_system,4.761165721442959,0.9482684555648899,0.19303068091330147
928,Nutlin-3a (-),JHOS-4,OV,urogenital_system,4.1237842223709125,0.9552688558015808,-0.1636450848839433
929,Nutlin-3a (-),OV-7,OV,urogenital_system,4.692386525514878,0.9719749437315736,0.15454215808312427
930,Nutlin-3a (-),OV-17R,OV,urogenital_system,4.209837982403492,0.9543402934730214,-0.11548979514924192
931,Nutlin-3a (-),OV-56,OV,urogenital_system,4.911153121616228,0.9677802564742317,0.2769629426664647
932,Nutlin-3a (-),OVCA420,OV,urogenital_system,5.602960877702532,0.9708261806809826,0.6640953924564207
933,Nutlin-3a (-),OVCA433,OV,urogenital_system,2.3756949842000816,0.8468780112795763,-1.1418678111699254
934,Nutlin-3a (-),OVK-18,OV,urogenital_system,4.0993161673392535,0.9459312124383232,-0.17733729634394305
935,Nutlin-3a (-),PEO1,OV,urogenital_system,5.943609560183558,0.9690202125123616,0.854720833999098
936,Nutlin-3a (-),UWB1.289,OV,urogenital_system,5.5239172851076335,0.9737990352757376,0.6198629602926444
937,Nutlin-3a (-),FLO-1,ESCA,aero_digestive_tract,5.8516016237951884,0.9815406351457439,0.8032336144633515
938,Nutlin-3a (-),OACp4C,ESCA,aero_digestive_tract,5.168624169725888,0.979550262916519,0.42104256121333405
939,Nutlin-3a (-),OACM5-1,ESCA,aero_digestive_tract,5.453770269585012,0.9743704790456934,0.5806090118860017
940,Nutlin-3a (-),SK-GT-2,STAD,digestive_system,6.134426907017842,0.990519046473156,0.961501346782422
941,Nutlin-3a (-),SK-GT-4,ESCA,aero_digestive_tract,7.347881114658914,0.9663849833880771,1.6405447601861516
942,Nutlin-3a (-),ESO26,ESCA,aero_digestive_tract,6.202784782209116,0.9896688715150704,0.999754100459172
943,Nutlin-3a (-),ESO51,ESCA,aero_digestive_tract,5.73463726076242,0.9799486846256918,0.737780892951295
944,Nutlin-3a (-),KYAE-1,ESCA,aero_digestive_tract,5.4219992629750395,0.990755436266028,0.5628301021917927
945,Nutlin-3a (-),EMC-BAC-1,LUAD,lung,5.034388156758454,0.9726985356276509,0.3459247035528369
946,Nutlin-3a (-),EMC-BAC-2,LUAD,lung,2.97850381865012,0.8902688483043014,-0.8045387500505838
947,Nutlin-3a (-),TE-4,ESCA,aero_digestive_tract,4.313711231779648,0.977321422140627,-0.05736280084358999
948,Nutlin-3a (-),U-CH2,,,5.554625091454088,0.9687136277325794,0.6370469079919745
949,Nutlin-3a (-),NCC010,KIRC,kidney,4.928145637555714,0.9840784433097876,0.28647187671045854
950,Nutlin-3a (-),NCC021,KIRC,kidney,4.46248024640111,0.9489038210621656,0.02588765793857425
951,Nutlin-3a (-),RCC-FG2,KIRC,kidney,4.212135081995516,0.953595708456644,-0.11420434874502322
952,Nutlin-3a (-),RCC-JF,KIRC,kidney,1.155523047433055,0.7694428837285848,-1.8246704350055647
953,Nutlin-3a (-),RCC-JW,KIRC,kidney,3.581501755402319,0.9232863599636996,-0.46710386814959787
954,Nutlin-3a (-),RCC-ER,KIRC,kidney,4.915297275328079,0.9778671617334301,0.2792819920911939
955,Nutlin-3a (-),RCC-AB,KIRC,kidney,2.779571138445489,0.8670490539687825,-0.915860566195838
956,Nutlin-3a (-),RCC-MF,KIRC,kidney,3.1045535708930134,0.9220555851610626,-0.7340018863743677
957,Nutlin-3a (-),KMS-11,MM,blood,4.694562921971546,0.9837110855131184,0.15576005956597336
958,Nutlin-3a (-),MM1S,MM,blood,1.5750104373520093,0.8618741207411771,-1.589927214093974
959,Nutlin-3a (-),OCI-LY7,DLBC,blood,-0.5829411023549061,0.5807713102986851,-2.7975070059437304
960,Nutlin-3a (-),SNU-1040,COREAD,digestive_system,4.912796750570036,0.9700712207727513,0.2778827098963567
961,Nutlin-3a (-),SNU-175,COREAD,digestive_system,1.5086197463887965,0.8138598974115552,-1.6270791404921945
962,Nutlin-3a (-),SNU-283,,,4.840609392493738,0.9770486309518492,0.23748699514745225
963,Nutlin-3a (-),SNU-407,COREAD,digestive_system,2.070472159503592,0.8428631101811919,-1.3126691050510848
964,Nutlin-3a (-),SNU-61,COREAD,digestive_system,5.8272585560247645,0.9856309164393073,0.7896113453019299
965,Nutlin-3a (-),SNU-81,COREAD,digestive_system,5.374780245520707,0.9915818076532595,0.5364065564264435
966,Nutlin-3a (-),SNU-C5,COREAD,digestive_system,5.8067866195846864,0.9771715814157484,0.778155343491792
967,Nutlin-3a (-),DiFi,COREAD,digestive_system,5.4793607091025835,0.9804830332683568,0.594929304560493
